tiempo,tratamiento,bacteria,abs
0,crecimiento,ecoli,0.0337
0,crecimiento,ecoli,0.0308
0,crecimiento,ecoli,0.0312
0,crecimiento,ecoli,0.0314
0,crecimiento,ecoli,0.0358
0,crecimiento,ecoli,0.036
0,crecimiento,ecoli,0.0349
0,calothrix1,ecoli,0.0351
0,calothrix1,ecoli,0.0332
0,calothrix1,ecoli,0.0345
0,calothrix1,ecoli,0.0324
0,calothrix1,ecoli,0.0386
0,calothrix1,ecoli,0.0341
0,calothrix1,ecoli,0.0302
0,calothrix1/2,ecoli,0.0344
0,calothrix1/2,ecoli,0.0335
0,calothrix1/2,ecoli,0.0334
0,calothrix1/2,ecoli,0.0311
0,calothrix1/2,ecoli,0.0342
0,calothrix1/2,ecoli,0.0316
0,calothrix1/2,ecoli,0.0335
0,calothrix1/4,ecoli,0.0287
0,calothrix1/4,ecoli,0.0284
0,calothrix1/4,ecoli,0.0294
0,calothrix1/4,ecoli,0.0259
0,calothrix1/4,ecoli,0.0308
0,calothrix1/4,ecoli,0.0311
0,calothrix1/4,ecoli,0.03
0,calothrix1/8,ecoli,0.0325
0,calothrix1/8,ecoli,0.0357
0,calothrix1/8,ecoli,0.034
0,calothrix1/8,ecoli,0.0393
0,calothrix1/8,ecoli,0.0392
0,calothrix1/8,ecoli,0.0351
0,calothrix1/8,ecoli,0.0313
0,calothrix1/16,ecoli,0.0318
0,calothrix1/16,ecoli,0.0339
0,calothrix1/16,ecoli,0.0333
0,calothrix1/16,ecoli,0.0263
0,calothrix1/16,ecoli,0.0322
0,calothrix1/16,ecoli,0.0333
0,calothrix1/16,ecoli,0.0322
0,antibiotico,ecoli,0.0279
0,antibiotico,ecoli,0.0292
0,antibiotico,ecoli,0.0291
0,antibiotico,ecoli,0.0297
0,antibiotico,ecoli,0.0297
0,antibiotico,ecoli,0.0274
0,antibiotico,ecoli,0.0298
1.5,crecimiento,ecoli,0.29
1.5,crecimiento,ecoli,0.2807
1.5,crecimiento,ecoli,0.3124
1.5,crecimiento,ecoli,0.2907
1.5,crecimiento,ecoli,0.2725
1.5,crecimiento,ecoli,0.2839
1.5,crecimiento,ecoli,0.259
1.5,calothrix1,ecoli,0.2441
1.5,calothrix1,ecoli,0.2355
1.5,calothrix1,ecoli,0.2265
1.5,calothrix1,ecoli,0.2096
1.5,calothrix1,ecoli,0.236
1.5,calothrix1,ecoli,0.2105
1.5,calothrix1,ecoli,0.1976
1.5,calothrix1/2,ecoli,0.2386
1.5,calothrix1/2,ecoli,0.2089
1.5,calothrix1/2,ecoli,0.2475
1.5,calothrix1/2,ecoli,0.1877
1.5,calothrix1/2,ecoli,0.2278
1.5,calothrix1/2,ecoli,0.2062
1.5,calothrix1/2,ecoli,0.2237
1.5,calothrix1/4,ecoli,0.2276
1.5,calothrix1/4,ecoli,0.2445
1.5,calothrix1/4,ecoli,0.2222
1.5,calothrix1/4,ecoli,0.2076
1.5,calothrix1/4,ecoli,0.2398
1.5,calothrix1/4,ecoli,0.2209
1.5,calothrix1/4,ecoli,0.2223
1.5,calothrix1/8,ecoli,0.2408
1.5,calothrix1/8,ecoli,0.2748
1.5,calothrix1/8,ecoli,0.2352
1.5,calothrix1/8,ecoli,0.2408
1.5,calothrix1/8,ecoli,0.2593
1.5,calothrix1/8,ecoli,0.2217
1.5,calothrix1/8,ecoli,0.2529
1.5,calothrix1/16,ecoli,0.2709
1.5,calothrix1/16,ecoli,0.2605
1.5,calothrix1/16,ecoli,0.2571
1.5,calothrix1/16,ecoli,0.2546
1.5,calothrix1/16,ecoli,0.2511
1.5,calothrix1/16,ecoli,0.252
1.5,calothrix1/16,ecoli,0.2671
1.5,antibiotico,ecoli,0.1581
1.5,antibiotico,ecoli,0.2303
1.5,antibiotico,ecoli,0.2563
1.5,antibiotico,ecoli,0.2101
1.5,antibiotico,ecoli,0.2236
1.5,antibiotico,ecoli,0.1899
1.5,antibiotico,ecoli,0.1991
3.5,crecimiento,ecoli,0.4994
3.5,crecimiento,ecoli,0.4679
3.5,crecimiento,ecoli,0.459
3.5,crecimiento,ecoli,0.4359
3.5,crecimiento,ecoli,0.4663
3.5,crecimiento,ecoli,0.4723
3.5,crecimiento,ecoli,0.4489
3.5,calothrix1,ecoli,0.3703
3.5,calothrix1,ecoli,0.3592
3.5,calothrix1,ecoli,0.351
3.5,calothrix1,ecoli,0.3512
3.5,calothrix1,ecoli,0.35
3.5,calothrix1,ecoli,0.3652
3.5,calothrix1,ecoli,0.3651
3.5,calothrix1/2,ecoli,0.3859
3.5,calothrix1/2,ecoli,0.3632
3.5,calothrix1/2,ecoli,0.3334
3.5,calothrix1/2,ecoli,0.3207
3.5,calothrix1/2,ecoli,0.3428
3.5,calothrix1/2,ecoli,0.3266
3.5,calothrix1/2,ecoli,0.3452
3.5,calothrix1/4,ecoli,0.378
3.5,calothrix1/4,ecoli,0.341
3.5,calothrix1/4,ecoli,0.3294
3.5,calothrix1/4,ecoli,0.3262
3.5,calothrix1/4,ecoli,0.3345
3.5,calothrix1/4,ecoli,0.3415
3.5,calothrix1/4,ecoli,0.3318
3.5,calothrix1/8,ecoli,0.3598
3.5,calothrix1/8,ecoli,0.3558
3.5,calothrix1/8,ecoli,0.3382
3.5,calothrix1/8,ecoli,0.3423
3.5,calothrix1/8,ecoli,0.3394
3.5,calothrix1/8,ecoli,0.3354
3.5,calothrix1/8,ecoli,0.3342
3.5,calothrix1/16,ecoli,0.3575
3.5,calothrix1/16,ecoli,0.3654
3.5,calothrix1/16,ecoli,0.3725
3.5,calothrix1/16,ecoli,0.3551
3.5,calothrix1/16,ecoli,0.3577
3.5,calothrix1/16,ecoli,0.3784
3.5,calothrix1/16,ecoli,0.3658
3.5,antibiotico,ecoli,0.3489
3.5,antibiotico,ecoli,0.3864
3.5,antibiotico,ecoli,0.3933
3.5,antibiotico,ecoli,0.3665
3.5,antibiotico,ecoli,0.3652
3.5,antibiotico,ecoli,0.3624
3.5,antibiotico,ecoli,0.3873
6.5,crecimiento,ecoli,0.5803
6.5,crecimiento,ecoli,0.6161
6.5,crecimiento,ecoli,0.637
6.5,crecimiento,ecoli,0.5709
6.5,crecimiento,ecoli,0.6331
6.5,crecimiento,ecoli,0.693
6.5,crecimiento,ecoli,0.5872
6.5,calothrix1,ecoli,0.4979
6.5,calothrix1,ecoli,0.5142
6.5,calothrix1,ecoli,0.5309
6.5,calothrix1,ecoli,0.5185
6.5,calothrix1,ecoli,0.5882
6.5,calothrix1,ecoli,0.6173
6.5,calothrix1,ecoli,0.5848
6.5,calothrix1/2,ecoli,0.5254
6.5,calothrix1/2,ecoli,0.5224
6.5,calothrix1/2,ecoli,0.5046
6.5,calothrix1/2,ecoli,0.5047
6.5,calothrix1/2,ecoli,0.5533
6.5,calothrix1/2,ecoli,0.5337
6.5,calothrix1/2,ecoli,0.5335
6.5,calothrix1/4,ecoli,0.5168
6.5,calothrix1/4,ecoli,0.4905
6.5,calothrix1/4,ecoli,0.5273
6.5,calothrix1/4,ecoli,0.5046
6.5,calothrix1/4,ecoli,0.5371
6.5,calothrix1/4,ecoli,0.5835
6.5,calothrix1/4,ecoli,0.5397
6.5,calothrix1/8,ecoli,0.4955
6.5,calothrix1/8,ecoli,0.493
6.5,calothrix1/8,ecoli,0.4754
6.5,calothrix1/8,ecoli,0.491
6.5,calothrix1/8,ecoli,0.5601
6.5,calothrix1/8,ecoli,0.5073
6.5,calothrix1/8,ecoli,0.5493
6.5,calothrix1/16,ecoli,0.4772
6.5,calothrix1/16,ecoli,0.5294
6.5,calothrix1/16,ecoli,0.5292
6.5,calothrix1/16,ecoli,0.5331
6.5,calothrix1/16,ecoli,0.5509
6.5,calothrix1/16,ecoli,0.5775
6.5,calothrix1/16,ecoli,0.557
6.5,antibiotico,ecoli,0.4165
6.5,antibiotico,ecoli,0.5224
6.5,antibiotico,ecoli,0.5224
6.5,antibiotico,ecoli,0.5145
6.5,antibiotico,ecoli,0.4765
6.5,antibiotico,ecoli,0.5051
6.5,antibiotico,ecoli,0.5154
18,crecimiento,ecoli,0.6998
18,crecimiento,ecoli,0.7404
18,crecimiento,ecoli,0.7349
18,crecimiento,ecoli,0.7032
18,crecimiento,ecoli,0.8107
18,crecimiento,ecoli,0.754
18,crecimiento,ecoli,0.7015
18,calothrix1,ecoli,0.6416
18,calothrix1,ecoli,0.637
18,calothrix1,ecoli,0.6497
18,calothrix1,ecoli,0.6504
18,calothrix1,ecoli,0.7992
18,calothrix1,ecoli,0.7151
18,calothrix1,ecoli,0.7042
18,calothrix1/2,ecoli,0.6275
18,calothrix1/2,ecoli,0.6243
18,calothrix1/2,ecoli,0.6066
18,calothrix1/2,ecoli,0.641
18,calothrix1/2,ecoli,0.6606
18,calothrix1/2,ecoli,0.6382
18,calothrix1/2,ecoli,0.6835
18,calothrix1/4,ecoli,0.6431
18,calothrix1/4,ecoli,0.5866
18,calothrix1/4,ecoli,0.6043
18,calothrix1/4,ecoli,0.5817
18,calothrix1/4,ecoli,0.6527
18,calothrix1/4,ecoli,0.7197
18,calothrix1/4,ecoli,0.6656
18,calothrix1/8,ecoli,0.5828
18,calothrix1/8,ecoli,0.6031
18,calothrix1/8,ecoli,0.5999
18,calothrix1/8,ecoli,0.6313
18,calothrix1/8,ecoli,0.6721
18,calothrix1/8,ecoli,0.6256
18,calothrix1/8,ecoli,0.6786
18,calothrix1/16,ecoli,0.6132
18,calothrix1/16,ecoli,0.6353
18,calothrix1/16,ecoli,0.638
18,calothrix1/16,ecoli,0.6242
18,calothrix1/16,ecoli,0.6454
18,calothrix1/16,ecoli,0.6887
18,calothrix1/16,ecoli,0.6561
18,antibiotico,ecoli,0.6165
18,antibiotico,ecoli,0.6313
18,antibiotico,ecoli,0.6527
18,antibiotico,ecoli,0.6462
18,antibiotico,ecoli,0.65
18,antibiotico,ecoli,0.621
18,antibiotico,ecoli,0.636
20,crecimiento,ecoli,0.6817
20,crecimiento,ecoli,0.7544
20,crecimiento,ecoli,0.7675
20,crecimiento,ecoli,0.8041
20,crecimiento,ecoli,0.8004
20,crecimiento,ecoli,0.9099
20,crecimiento,ecoli,0.8421
20,calothrix1,ecoli,0.5291
20,calothrix1,ecoli,0.5736
20,calothrix1,ecoli,0.6012
20,calothrix1,ecoli,0.6573
20,calothrix1,ecoli,0.7577
20,calothrix1,ecoli,0.81
20,calothrix1,ecoli,0.7507
20,calothrix1/2,ecoli,0.566
20,calothrix1/2,ecoli,0.5951
20,calothrix1/2,ecoli,0.5744
20,calothrix1/2,ecoli,0.6071
20,calothrix1/2,ecoli,0.751
20,calothrix1/2,ecoli,0.6933
20,calothrix1/2,ecoli,0.7387
20,calothrix1/4,ecoli,0.5325
20,calothrix1/4,ecoli,0.5877
20,calothrix1/4,ecoli,0.6101
20,calothrix1/4,ecoli,0.5795
20,calothrix1/4,ecoli,0.6826
20,calothrix1/4,ecoli,0.7172
20,calothrix1/4,ecoli,0.682
20,calothrix1/8,ecoli,0.4864
20,calothrix1/8,ecoli,0.5761
20,calothrix1/8,ecoli,0.6107
20,calothrix1/8,ecoli,0.5886
20,calothrix1/8,ecoli,0.6764
20,calothrix1/8,ecoli,0.6537
20,calothrix1/8,ecoli,0.7988
20,calothrix1/16,ecoli,0.5038
20,calothrix1/16,ecoli,0.5841
20,calothrix1/16,ecoli,0.5883
20,calothrix1/16,ecoli,0.5972
20,calothrix1/16,ecoli,0.6262
20,calothrix1/16,ecoli,0.7446
20,calothrix1/16,ecoli,0.5804
20,antibiotico,ecoli,0.5919
20,antibiotico,ecoli,0.5836
20,antibiotico,ecoli,0.6034
20,antibiotico,ecoli,0.6138
20,antibiotico,ecoli,0.5822
20,antibiotico,ecoli,0.5821
20,antibiotico,ecoli,0.5402
22.5,crecimiento,ecoli,0.7531
22.5,crecimiento,ecoli,0.8011
22.5,crecimiento,ecoli,0.8021
22.5,crecimiento,ecoli,0.8683
22.5,crecimiento,ecoli,0.8356
22.5,crecimiento,ecoli,0.9712
22.5,crecimiento,ecoli,0.9095
22.5,calothrix1,ecoli,0.621
22.5,calothrix1,ecoli,0.6424
22.5,calothrix1,ecoli,0.7184
22.5,calothrix1,ecoli,0.7194
22.5,calothrix1,ecoli,0.841
22.5,calothrix1,ecoli,1.0095
22.5,calothrix1,ecoli,0.83
22.5,calothrix1/2,ecoli,0.626
22.5,calothrix1/2,ecoli,0.6375
22.5,calothrix1/2,ecoli,0.6444
22.5,calothrix1/2,ecoli,0.6309
22.5,calothrix1/2,ecoli,1.0126
22.5,calothrix1/2,ecoli,0.9892
22.5,calothrix1/2,ecoli,0.9778
22.5,calothrix1/4,ecoli,0.6104
22.5,calothrix1/4,ecoli,0.6063
22.5,calothrix1/4,ecoli,0.7119
22.5,calothrix1/4,ecoli,0.7135
22.5,calothrix1/4,ecoli,0.7745
22.5,calothrix1/4,ecoli,0.8422
22.5,calothrix1/4,ecoli,0.9673
22.5,calothrix1/8,ecoli,0.5912
22.5,calothrix1/8,ecoli,0.6066
22.5,calothrix1/8,ecoli,0.6505
22.5,calothrix1/8,ecoli,0.7965
22.5,calothrix1/8,ecoli,0.9668
22.5,calothrix1/8,ecoli,0.714
22.5,calothrix1/8,ecoli,0.8064
22.5,calothrix1/16,ecoli,0.5821
22.5,calothrix1/16,ecoli,0.6329
22.5,calothrix1/16,ecoli,0.6567
22.5,calothrix1/16,ecoli,0.7258
22.5,calothrix1/16,ecoli,0.8461
22.5,calothrix1/16,ecoli,0.91
22.5,calothrix1/16,ecoli,0.6309
22.5,antibiotico,ecoli,0.648
22.5,antibiotico,ecoli,0.6341
22.5,antibiotico,ecoli,0.6514
22.5,antibiotico,ecoli,0.6349
22.5,antibiotico,ecoli,0.6282
22.5,antibiotico,ecoli,0.6255
22.5,antibiotico,ecoli,0.6578
24.5,crecimiento,ecoli,0.7533
24.5,crecimiento,ecoli,0.7962
24.5,crecimiento,ecoli,0.8219
24.5,crecimiento,ecoli,0.8876
24.5,crecimiento,ecoli,0.8227
24.5,crecimiento,ecoli,0.9905
24.5,crecimiento,ecoli,0.9153
24.5,calothrix1,ecoli,0.6797
24.5,calothrix1,ecoli,0.7214
24.5,calothrix1,ecoli,0.7557
24.5,calothrix1,ecoli,0.9609
24.5,calothrix1,ecoli,0.89
24.5,calothrix1,ecoli,1.0453
24.5,calothrix1,ecoli,0.8562
24.5,calothrix1/2,ecoli,0.6599
24.5,calothrix1/2,ecoli,0.667
24.5,calothrix1/2,ecoli,0.8196
24.5,calothrix1/2,ecoli,0.7489
24.5,calothrix1/2,ecoli,0.8754
24.5,calothrix1/2,ecoli,1.0171
24.5,calothrix1/2,ecoli,0.9311
24.5,calothrix1/4,ecoli,0.6425
24.5,calothrix1/4,ecoli,0.6163
24.5,calothrix1/4,ecoli,0.7374
24.5,calothrix1/4,ecoli,0.7849
24.5,calothrix1/4,ecoli,0.9588
24.5,calothrix1/4,ecoli,1.032
24.5,calothrix1/4,ecoli,1.0065
24.5,calothrix1/8,ecoli,0.6233
24.5,calothrix1/8,ecoli,0.6521
24.5,calothrix1/8,ecoli,0.7344
24.5,calothrix1/8,ecoli,0.7293
24.5,calothrix1/8,ecoli,0.8699
24.5,calothrix1/8,ecoli,0.8163
24.5,calothrix1/8,ecoli,0.8846
24.5,calothrix1/16,ecoli,0.5982
24.5,calothrix1/16,ecoli,0.7024
24.5,calothrix1/16,ecoli,0.7329
24.5,calothrix1/16,ecoli,0.8286
24.5,calothrix1/16,ecoli,0.7627
24.5,calothrix1/16,ecoli,0.8577
24.5,calothrix1/16,ecoli,0.7767
24.5,antibiotico,ecoli,0.6316
24.5,antibiotico,ecoli,0.6098
24.5,antibiotico,ecoli,0.6416
24.5,antibiotico,ecoli,0.6318
24.5,antibiotico,ecoli,0.6125
24.5,antibiotico,ecoli,0.6183
24.5,antibiotico,ecoli,0.6365
26.5,crecimiento,ecoli,0.7725
26.5,crecimiento,ecoli,0.8132
26.5,crecimiento,ecoli,0.8066
26.5,crecimiento,ecoli,0.8289
26.5,crecimiento,ecoli,0.7736
26.5,crecimiento,ecoli,0.9048
26.5,crecimiento,ecoli,0.9255
26.5,calothrix1,ecoli,0.5756
26.5,calothrix1,ecoli,0.6314
26.5,calothrix1,ecoli,0.7524
26.5,calothrix1,ecoli,0.9606
26.5,calothrix1,ecoli,0.8574
26.5,calothrix1,ecoli,1.0199
26.5,calothrix1,ecoli,0.8409
26.5,calothrix1/2,ecoli,0.5568
26.5,calothrix1/2,ecoli,0.619
26.5,calothrix1/2,ecoli,0.8101
26.5,calothrix1/2,ecoli,0.7956
26.5,calothrix1/2,ecoli,0.935
26.5,calothrix1/2,ecoli,1.0085
26.5,calothrix1/2,ecoli,0.9805
26.5,calothrix1/4,ecoli,0.5826
26.5,calothrix1/4,ecoli,0.6433
26.5,calothrix1/4,ecoli,0.8035
26.5,calothrix1/4,ecoli,0.684
26.5,calothrix1/4,ecoli,0.8679
26.5,calothrix1/4,ecoli,1.0198
26.5,calothrix1/4,ecoli,0.9878
26.5,calothrix1/8,ecoli,0.5434
26.5,calothrix1/8,ecoli,0.6897
26.5,calothrix1/8,ecoli,0.7393
26.5,calothrix1/8,ecoli,0.8194
26.5,calothrix1/8,ecoli,0.9709
26.5,calothrix1/8,ecoli,0.9026
26.5,calothrix1/8,ecoli,0.7737
26.5,calothrix1/16,ecoli,0.5215
26.5,calothrix1/16,ecoli,0.6901
26.5,calothrix1/16,ecoli,0.7559
26.5,calothrix1/16,ecoli,0.9152
26.5,calothrix1/16,ecoli,0.7183
26.5,calothrix1/16,ecoli,0.763
26.5,calothrix1/16,ecoli,0.7592
26.5,antibiotico,ecoli,0.6265
26.5,antibiotico,ecoli,0.5722
26.5,antibiotico,ecoli,0.6205
26.5,antibiotico,ecoli,0.645
26.5,antibiotico,ecoli,0.59
26.5,antibiotico,ecoli,0.6015
26.5,antibiotico,ecoli,0.5827
28.5,crecimiento,ecoli,0.7251
28.5,crecimiento,ecoli,0.7708
28.5,crecimiento,ecoli,0.8231
28.5,crecimiento,ecoli,0.8397
28.5,crecimiento,ecoli,0.8873
28.5,crecimiento,ecoli,0.998
28.5,crecimiento,ecoli,0.9484
28.5,calothrix1,ecoli,0.5311
28.5,calothrix1,ecoli,0.6528
28.5,calothrix1,ecoli,0.7662
28.5,calothrix1,ecoli,0.8569
28.5,calothrix1,ecoli,0.9021
28.5,calothrix1,ecoli,1.0292
28.5,calothrix1,ecoli,0.8003
28.5,calothrix1/2,ecoli,0.5582
28.5,calothrix1/2,ecoli,0.6453
28.5,calothrix1/2,ecoli,0.8214
28.5,calothrix1/2,ecoli,0.8269
28.5,calothrix1/2,ecoli,0.9064
28.5,calothrix1/2,ecoli,1.0175
28.5,calothrix1/2,ecoli,0.8602
28.5,calothrix1/4,ecoli,0.5375
28.5,calothrix1/4,ecoli,0.6316
28.5,calothrix1/4,ecoli,0.8477
28.5,calothrix1/4,ecoli,0.8663
28.5,calothrix1/4,ecoli,0.9877
28.5,calothrix1/4,ecoli,0.8719
28.5,calothrix1/4,ecoli,1.0022
28.5,calothrix1/8,ecoli,0.4964
28.5,calothrix1/8,ecoli,0.6427
28.5,calothrix1/8,ecoli,0.7911
28.5,calothrix1/8,ecoli,0.8388
28.5,calothrix1/8,ecoli,0.9762
28.5,calothrix1/8,ecoli,0.8551
28.5,calothrix1/8,ecoli,0.7903
28.5,calothrix1/16,ecoli,0.4802
28.5,calothrix1/16,ecoli,0.6547
28.5,calothrix1/16,ecoli,0.7425
28.5,calothrix1/16,ecoli,0.9245
28.5,calothrix1/16,ecoli,0.8596
28.5,calothrix1/16,ecoli,0.9311
28.5,calothrix1/16,ecoli,0.7746
28.5,antibiotico,ecoli,0.6558
28.5,antibiotico,ecoli,0.5748
28.5,antibiotico,ecoli,0.6106
28.5,antibiotico,ecoli,0.689
28.5,antibiotico,ecoli,0.6528
28.5,antibiotico,ecoli,0.655
28.5,antibiotico,ecoli,0.6479
30.5,crecimiento,ecoli,0.7301
30.5,crecimiento,ecoli,0.7851
30.5,crecimiento,ecoli,0.8634
30.5,crecimiento,ecoli,0.9199
30.5,crecimiento,ecoli,0.8255
30.5,crecimiento,ecoli,0.9682
30.5,crecimiento,ecoli,0.9604
30.5,calothrix1,ecoli,0.5129
30.5,calothrix1,ecoli,0.6435
30.5,calothrix1,ecoli,0.7761
30.5,calothrix1,ecoli,0.8131
30.5,calothrix1,ecoli,0.9316
30.5,calothrix1,ecoli,1.0233
30.5,calothrix1,ecoli,0.8473
30.5,calothrix1/2,ecoli,0.5415
30.5,calothrix1/2,ecoli,0.6565
30.5,calothrix1/2,ecoli,0.8114
30.5,calothrix1/2,ecoli,0.8219
30.5,calothrix1/2,ecoli,0.9096
30.5,calothrix1/2,ecoli,1.0269
30.5,calothrix1/2,ecoli,0.9327
30.5,calothrix1/4,ecoli,0.5112
30.5,calothrix1/4,ecoli,0.6569
30.5,calothrix1/4,ecoli,0.8466
30.5,calothrix1/4,ecoli,0.84
30.5,calothrix1/4,ecoli,0.9336
30.5,calothrix1/4,ecoli,1.0355
30.5,calothrix1/4,ecoli,1.0124
30.5,calothrix1/8,ecoli,0.5002
30.5,calothrix1/8,ecoli,0.6796
30.5,calothrix1/8,ecoli,0.7734
30.5,calothrix1/8,ecoli,0.8502
30.5,calothrix1/8,ecoli,1.0022
30.5,calothrix1/8,ecoli,0.8853
30.5,calothrix1/8,ecoli,0.9326
30.5,calothrix1/16,ecoli,0.4771
30.5,calothrix1/16,ecoli,0.6797
30.5,calothrix1/16,ecoli,0.7664
30.5,calothrix1/16,ecoli,0.9653
30.5,calothrix1/16,ecoli,0.9593
30.5,calothrix1/16,ecoli,0.9262
30.5,calothrix1/16,ecoli,0.7307
30.5,antibiotico,ecoli,0.6422
30.5,antibiotico,ecoli,0.5531
30.5,antibiotico,ecoli,0.614
30.5,antibiotico,ecoli,0.6785
30.5,antibiotico,ecoli,0.6692
30.5,antibiotico,ecoli,0.6824
30.5,antibiotico,ecoli,0.6538
0,crecimiento,klebsiella,0.0156
0,crecimiento,klebsiella,0.0169
0,crecimiento,klebsiella,0.0173
0,crecimiento,klebsiella,0.0186
0,crecimiento,klebsiella,0.0173
0,crecimiento,klebsiella,0.0167
0,crecimiento,klebsiella,0.0168
0,calothrix1,klebsiella,0.0187
0,calothrix1,klebsiella,0.0176
0,calothrix1,klebsiella,0.0182
0,calothrix1,klebsiella,0.0181
0,calothrix1,klebsiella,0.0182
0,calothrix1,klebsiella,0.0182
0,calothrix1,klebsiella,0.0173
0,calothrix1/2,klebsiella,0.0174
0,calothrix1/2,klebsiella,0.0178
0,calothrix1/2,klebsiella,0.0162
0,calothrix1/2,klebsiella,0.0181
0,calothrix1/2,klebsiella,0.0178
0,calothrix1/2,klebsiella,0.0177
0,calothrix1/2,klebsiella,0.018
0,calothrix1/4,klebsiella,0.0178
0,calothrix1/4,klebsiella,0.0185
0,calothrix1/4,klebsiella,0.0195
0,calothrix1/4,klebsiella,0.0203
0,calothrix1/4,klebsiella,0.0193
0,calothrix1/4,klebsiella,0.0186
0,calothrix1/4,klebsiella,0.0172
0,calothrix1/8,klebsiella,0.0174
0,calothrix1/8,klebsiella,0.0189
0,calothrix1/8,klebsiella,0.0183
0,calothrix1/8,klebsiella,0.0194
0,calothrix1/8,klebsiella,0.0192
0,calothrix1/8,klebsiella,0.0197
0,calothrix1/8,klebsiella,0.0181
0,calothrix1/16,klebsiella,0.0184
0,calothrix1/16,klebsiella,0.0203
0,calothrix1/16,klebsiella,0.0206
0,calothrix1/16,klebsiella,0.02
0,calothrix1/16,klebsiella,0.0189
0,calothrix1/16,klebsiella,0.02
0,calothrix1/16,klebsiella,0.0203
0,antibiotico,klebsiella,0.0143
0,antibiotico,klebsiella,0.0144
0,antibiotico,klebsiella,0.0132
0,antibiotico,klebsiella,0.0156
0,antibiotico,klebsiella,0.0144
0,antibiotico,klebsiella,0.0152
0,antibiotico,klebsiella,0.0135
1.5,crecimiento,klebsiella,0.1204
1.5,crecimiento,klebsiella,0.116
1.5,crecimiento,klebsiella,0.1153
1.5,crecimiento,klebsiella,0.112
1.5,crecimiento,klebsiella,0.1148
1.5,crecimiento,klebsiella,0.1124
1.5,crecimiento,klebsiella,0.1124
1.5,calothrix1,klebsiella,0.1042
1.5,calothrix1,klebsiella,0.1029
1.5,calothrix1,klebsiella,0.0953
1.5,calothrix1,klebsiella,0.1019
1.5,calothrix1,klebsiella,0.0957
1.5,calothrix1,klebsiella,0.1035
1.5,calothrix1,klebsiella,0.1036
1.5,calothrix1/2,klebsiella,0.1116
1.5,calothrix1/2,klebsiella,0.0895
1.5,calothrix1/2,klebsiella,0.0972
1.5,calothrix1/2,klebsiella,0.097
1.5,calothrix1/2,klebsiella,0.0968
1.5,calothrix1/2,klebsiella,0.0923
1.5,calothrix1/2,klebsiella,0.0958
1.5,calothrix1/4,klebsiella,0.085
1.5,calothrix1/4,klebsiella,0.0863
1.5,calothrix1/4,klebsiella,0.084
1.5,calothrix1/4,klebsiella,0.0897
1.5,calothrix1/4,klebsiella,0.0854
1.5,calothrix1/4,klebsiella,0.0931
1.5,calothrix1/4,klebsiella,0.0816
1.5,calothrix1/8,klebsiella,0.0967
1.5,calothrix1/8,klebsiella,0.0867
1.5,calothrix1/8,klebsiella,0.0895
1.5,calothrix1/8,klebsiella,0.0864
1.5,calothrix1/8,klebsiella,0.0823
1.5,calothrix1/8,klebsiella,0.0859
1.5,calothrix1/8,klebsiella,0.0807
1.5,calothrix1/16,klebsiella,0.102
1.5,calothrix1/16,klebsiella,0.0916
1.5,calothrix1/16,klebsiella,0.0908
1.5,calothrix1/16,klebsiella,0.0868
1.5,calothrix1/16,klebsiella,0.0872
1.5,calothrix1/16,klebsiella,0.0891
1.5,calothrix1/16,klebsiella,0.0852
1.5,antibiotico,klebsiella,0.0926
1.5,antibiotico,klebsiella,0.096
1.5,antibiotico,klebsiella,0.0864
1.5,antibiotico,klebsiella,0.097
1.5,antibiotico,klebsiella,0.0826
1.5,antibiotico,klebsiella,0.0772
1.5,antibiotico,klebsiella,0.0883
3.5,crecimiento,klebsiella,0.3924
3.5,crecimiento,klebsiella,0.3657
3.5,crecimiento,klebsiella,0.3763
3.5,crecimiento,klebsiella,0.3841
3.5,crecimiento,klebsiella,0.3715
3.5,crecimiento,klebsiella,0.3991
3.5,crecimiento,klebsiella,0.4017
3.5,calothrix1,klebsiella,0.2785
3.5,calothrix1,klebsiella,0.2792
3.5,calothrix1,klebsiella,0.2561
3.5,calothrix1,klebsiella,0.2573
3.5,calothrix1,klebsiella,0.2681
3.5,calothrix1,klebsiella,0.2708
3.5,calothrix1,klebsiella,0.2616
3.5,calothrix1/2,klebsiella,0.3053
3.5,calothrix1/2,klebsiella,0.2444
3.5,calothrix1/2,klebsiella,0.2437
3.5,calothrix1/2,klebsiella,0.265
3.5,calothrix1/2,klebsiella,0.2569
3.5,calothrix1/2,klebsiella,0.2513
3.5,calothrix1/2,klebsiella,0.2618
3.5,calothrix1/4,klebsiella,0.2628
3.5,calothrix1/4,klebsiella,0.2608
3.5,calothrix1/4,klebsiella,0.2299
3.5,calothrix1/4,klebsiella,0.2394
3.5,calothrix1/4,klebsiella,0.2541
3.5,calothrix1/4,klebsiella,0.2542
3.5,calothrix1/4,klebsiella,0.254
3.5,calothrix1/8,klebsiella,0.279
3.5,calothrix1/8,klebsiella,0.279
3.5,calothrix1/8,klebsiella,0.2681
3.5,calothrix1/8,klebsiella,0.2468
3.5,calothrix1/8,klebsiella,0.2436
3.5,calothrix1/8,klebsiella,0.2152
3.5,calothrix1/8,klebsiella,0.2512
3.5,calothrix1/16,klebsiella,0.3061
3.5,calothrix1/16,klebsiella,0.2519
3.5,calothrix1/16,klebsiella,0.2696
3.5,calothrix1/16,klebsiella,0.2344
3.5,calothrix1/16,klebsiella,0.2766
3.5,calothrix1/16,klebsiella,0.2598
3.5,calothrix1/16,klebsiella,0.2651
3.5,antibiotico,klebsiella,0.2665
3.5,antibiotico,klebsiella,0.2737
3.5,antibiotico,klebsiella,0.2454
3.5,antibiotico,klebsiella,0.3121
3.5,antibiotico,klebsiella,0.2546
3.5,antibiotico,klebsiella,0.2163
3.5,antibiotico,klebsiella,0.2595
6.5,crecimiento,klebsiella,0.7158
6.5,crecimiento,klebsiella,0.7399
6.5,crecimiento,klebsiella,0.7486
6.5,crecimiento,klebsiella,0.7573
6.5,crecimiento,klebsiella,0.7879
6.5,crecimiento,klebsiella,0.7759
6.5,crecimiento,klebsiella,0.7836
6.5,calothrix1,klebsiella,0.5664
6.5,calothrix1,klebsiella,0.606
6.5,calothrix1,klebsiella,0.5856
6.5,calothrix1,klebsiella,0.5764
6.5,calothrix1,klebsiella,0.5812
6.5,calothrix1,klebsiella,0.5668
6.5,calothrix1,klebsiella,0.579
6.5,calothrix1/2,klebsiella,0.5617
6.5,calothrix1/2,klebsiella,0.5923
6.5,calothrix1/2,klebsiella,0.5879
6.5,calothrix1/2,klebsiella,0.5768
6.5,calothrix1/2,klebsiella,0.5945
6.5,calothrix1/2,klebsiella,0.6151
6.5,calothrix1/2,klebsiella,0.6151
6.5,calothrix1/4,klebsiella,0.5268
6.5,calothrix1/4,klebsiella,0.5758
6.5,calothrix1/4,klebsiella,0.5803
6.5,calothrix1/4,klebsiella,0.5936
6.5,calothrix1/4,klebsiella,0.6053
6.5,calothrix1/4,klebsiella,0.5962
6.5,calothrix1/4,klebsiella,0.5728
6.5,calothrix1/8,klebsiella,0.5463
6.5,calothrix1/8,klebsiella,0.5984
6.5,calothrix1/8,klebsiella,0.5903
6.5,calothrix1/8,klebsiella,0.6004
6.5,calothrix1/8,klebsiella,0.5603
6.5,calothrix1/8,klebsiella,0.5715
6.5,calothrix1/8,klebsiella,0.5752
6.5,calothrix1/16,klebsiella,0.561
6.5,calothrix1/16,klebsiella,0.5799
6.5,calothrix1/16,klebsiella,0.6076
6.5,calothrix1/16,klebsiella,0.5705
6.5,calothrix1/16,klebsiella,0.5921
6.5,calothrix1/16,klebsiella,0.5552
6.5,calothrix1/16,klebsiella,0.5831
6.5,antibiotico,klebsiella,0.5559
6.5,antibiotico,klebsiella,0.5731
6.5,antibiotico,klebsiella,0.5385
6.5,antibiotico,klebsiella,0.6241
6.5,antibiotico,klebsiella,0.5539
6.5,antibiotico,klebsiella,0.5546
6.5,antibiotico,klebsiella,0.586
18,crecimiento,klebsiella,0.9428
18,crecimiento,klebsiella,0.946
18,crecimiento,klebsiella,0.95
18,crecimiento,klebsiella,0.9428
18,crecimiento,klebsiella,0.9466
18,crecimiento,klebsiella,0.9346
18,crecimiento,klebsiella,0.9205
18,calothrix1,klebsiella,0.7265
18,calothrix1,klebsiella,0.7337
18,calothrix1,klebsiella,0.7314
18,calothrix1,klebsiella,0.7261
18,calothrix1,klebsiella,0.7239
18,calothrix1,klebsiella,0.71
18,calothrix1,klebsiella,0.7624
18,calothrix1/2,klebsiella,0.6937
18,calothrix1/2,klebsiella,0.711
18,calothrix1/2,klebsiella,0.7025
18,calothrix1/2,klebsiella,0.7094
18,calothrix1/2,klebsiella,0.7044
18,calothrix1/2,klebsiella,0.7353
18,calothrix1/2,klebsiella,0.7331
18,calothrix1/4,klebsiella,0.6934
18,calothrix1/4,klebsiella,0.7082
18,calothrix1/4,klebsiella,0.7134
18,calothrix1/4,klebsiella,0.7058
18,calothrix1/4,klebsiella,0.7086
18,calothrix1/4,klebsiella,0.7232
18,calothrix1/4,klebsiella,0.7241
18,calothrix1/8,klebsiella,0.6719
18,calothrix1/8,klebsiella,0.6749
18,calothrix1/8,klebsiella,0.6921
18,calothrix1/8,klebsiella,0.7703
18,calothrix1/8,klebsiella,0.7093
18,calothrix1/8,klebsiella,0.7133
18,calothrix1/8,klebsiella,0.6884
18,calothrix1/16,klebsiella,0.7332
18,calothrix1/16,klebsiella,0.731
18,calothrix1/16,klebsiella,0.762
18,calothrix1/16,klebsiella,0.7119
18,calothrix1/16,klebsiella,0.7229
18,calothrix1/16,klebsiella,0.6851
18,calothrix1/16,klebsiella,0.7017
18,antibiotico,klebsiella,0.7517
18,antibiotico,klebsiella,0.7342
18,antibiotico,klebsiella,0.6998
18,antibiotico,klebsiella,0.7262
18,antibiotico,klebsiella,0.6854
18,antibiotico,klebsiella,0.7389
18,antibiotico,klebsiella,0.7114
20,crecimiento,klebsiella,0.9617
20,crecimiento,klebsiella,0.9627
20,crecimiento,klebsiella,0.9218
20,crecimiento,klebsiella,0.9418
20,crecimiento,klebsiella,0.981
20,crecimiento,klebsiella,0.9225
20,crecimiento,klebsiella,0.9287
20,calothrix1,klebsiella,0.6972
20,calothrix1,klebsiella,0.6282
20,calothrix1,klebsiella,0.6942
20,calothrix1,klebsiella,0.6881
20,calothrix1,klebsiella,0.6791
20,calothrix1,klebsiella,0.6653
20,calothrix1,klebsiella,0.8059
20,calothrix1/2,klebsiella,0.5839
20,calothrix1/2,klebsiella,0.6276
20,calothrix1/2,klebsiella,0.6233
20,calothrix1/2,klebsiella,0.6615
20,calothrix1/2,klebsiella,0.6884
20,calothrix1/2,klebsiella,0.825
20,calothrix1/2,klebsiella,0.7483
20,calothrix1/4,klebsiella,0.5878
20,calothrix1/4,klebsiella,0.6592
20,calothrix1/4,klebsiella,0.666
20,calothrix1/4,klebsiella,0.642
20,calothrix1/4,klebsiella,0.6881
20,calothrix1/4,klebsiella,0.7847
20,calothrix1/4,klebsiella,0.6724
20,calothrix1/8,klebsiella,0.563
20,calothrix1/8,klebsiella,0.6992
20,calothrix1/8,klebsiella,0.6193
20,calothrix1/8,klebsiella,0.6897
20,calothrix1/8,klebsiella,0.7205
20,calothrix1/8,klebsiella,0.7833
20,calothrix1/8,klebsiella,0.6875
20,calothrix1/16,klebsiella,0.694
20,calothrix1/16,klebsiella,0.7672
20,calothrix1/16,klebsiella,0.6495
20,calothrix1/16,klebsiella,0.7432
20,calothrix1/16,klebsiella,0.7347
20,calothrix1/16,klebsiella,0.5849
20,calothrix1/16,klebsiella,0.7196
20,antibiotico,klebsiella,0.6921
20,antibiotico,klebsiella,0.7259
20,antibiotico,klebsiella,0.7393
20,antibiotico,klebsiella,0.764
20,antibiotico,klebsiella,0.7803
20,antibiotico,klebsiella,0.8074
20,antibiotico,klebsiella,0.8579
22.5,crecimiento,klebsiella,1.0479
22.5,crecimiento,klebsiella,1.0871
22.5,crecimiento,klebsiella,1.0534
22.5,crecimiento,klebsiella,1.0233
22.5,crecimiento,klebsiella,1.0731
22.5,crecimiento,klebsiella,1.0042
22.5,crecimiento,klebsiella,1.0184
22.5,calothrix1,klebsiella,0.8345
22.5,calothrix1,klebsiella,0.8198
22.5,calothrix1,klebsiella,0.8508
22.5,calothrix1,klebsiella,0.8653
22.5,calothrix1,klebsiella,0.8119
22.5,calothrix1,klebsiella,0.7843
22.5,calothrix1,klebsiella,0.8806
22.5,calothrix1/2,klebsiella,0.7875
22.5,calothrix1/2,klebsiella,0.7586
22.5,calothrix1/2,klebsiella,0.7739
22.5,calothrix1/2,klebsiella,0.7661
22.5,calothrix1/2,klebsiella,0.8169
22.5,calothrix1/2,klebsiella,0.8441
22.5,calothrix1/2,klebsiella,0.9762
22.5,calothrix1/4,klebsiella,0.8075
22.5,calothrix1/4,klebsiella,0.762
22.5,calothrix1/4,klebsiella,0.7683
22.5,calothrix1/4,klebsiella,0.7671
22.5,calothrix1/4,klebsiella,0.7735
22.5,calothrix1/4,klebsiella,0.8544
22.5,calothrix1/4,klebsiella,0.8159
22.5,calothrix1/8,klebsiella,0.7776
22.5,calothrix1/8,klebsiella,0.7328
22.5,calothrix1/8,klebsiella,0.828
22.5,calothrix1/8,klebsiella,0.8099
22.5,calothrix1/8,klebsiella,0.748
22.5,calothrix1/8,klebsiella,0.9274
22.5,calothrix1/8,klebsiella,0.8128
22.5,calothrix1/16,klebsiella,0.8688
22.5,calothrix1/16,klebsiella,0.8462
22.5,calothrix1/16,klebsiella,0.933
22.5,calothrix1/16,klebsiella,0.8955
22.5,calothrix1/16,klebsiella,0.8331
22.5,calothrix1/16,klebsiella,0.7375
22.5,calothrix1/16,klebsiella,0.802
22.5,antibiotico,klebsiella,0.8833
22.5,antibiotico,klebsiella,0.8509
22.5,antibiotico,klebsiella,0.8187
22.5,antibiotico,klebsiella,0.9193
22.5,antibiotico,klebsiella,0.8223
22.5,antibiotico,klebsiella,0.8994
22.5,antibiotico,klebsiella,0.8612
24.5,crecimiento,klebsiella,1.1425
24.5,crecimiento,klebsiella,1.0708
24.5,crecimiento,klebsiella,1.1123
24.5,crecimiento,klebsiella,1.0802
24.5,crecimiento,klebsiella,1.1522
24.5,crecimiento,klebsiella,1.0587
24.5,crecimiento,klebsiella,1.0445
24.5,calothrix1,klebsiella,0.8821
24.5,calothrix1,klebsiella,0.8555
24.5,calothrix1,klebsiella,0.8613
24.5,calothrix1,klebsiella,0.8739
24.5,calothrix1,klebsiella,0.8458
24.5,calothrix1,klebsiella,0.8928
24.5,calothrix1,klebsiella,0.9741
24.5,calothrix1/2,klebsiella,0.8743
24.5,calothrix1/2,klebsiella,0.8011
24.5,calothrix1/2,klebsiella,0.8213
24.5,calothrix1/2,klebsiella,0.7906
24.5,calothrix1/2,klebsiella,0.9301
24.5,calothrix1/2,klebsiella,1.0173
24.5,calothrix1/2,klebsiella,1.0215
24.5,calothrix1/4,klebsiella,0.8289
24.5,calothrix1/4,klebsiella,0.8151
24.5,calothrix1/4,klebsiella,0.8088
24.5,calothrix1/4,klebsiella,0.786
24.5,calothrix1/4,klebsiella,0.9457
24.5,calothrix1/4,klebsiella,0.8644
24.5,calothrix1/4,klebsiella,0.8549
24.5,calothrix1/8,klebsiella,0.8312
24.5,calothrix1/8,klebsiella,0.8532
24.5,calothrix1/8,klebsiella,0.8111
24.5,calothrix1/8,klebsiella,0.7962
24.5,calothrix1/8,klebsiella,0.7593
24.5,calothrix1/8,klebsiella,0.942
24.5,calothrix1/8,klebsiella,0.8282
24.5,calothrix1/16,klebsiella,0.9732
24.5,calothrix1/16,klebsiella,0.8566
24.5,calothrix1/16,klebsiella,0.9118
24.5,calothrix1/16,klebsiella,0.9432
24.5,calothrix1/16,klebsiella,0.9981
24.5,calothrix1/16,klebsiella,0.7982
24.5,calothrix1/16,klebsiella,0.8004
24.5,antibiotico,klebsiella,0.9057
24.5,antibiotico,klebsiella,0.8717
24.5,antibiotico,klebsiella,0.83
24.5,antibiotico,klebsiella,0.8816
24.5,antibiotico,klebsiella,0.8202
24.5,antibiotico,klebsiella,0.9086
24.5,antibiotico,klebsiella,0.9203
26.5,crecimiento,klebsiella,1.1167
26.5,crecimiento,klebsiella,1.0446
26.5,crecimiento,klebsiella,1.1102
26.5,crecimiento,klebsiella,1.0075
26.5,crecimiento,klebsiella,1.089
26.5,crecimiento,klebsiella,1.0053
26.5,crecimiento,klebsiella,1.0081
26.5,calothrix1,klebsiella,0.7543
26.5,calothrix1,klebsiella,0.7269
26.5,calothrix1,klebsiella,0.7393
26.5,calothrix1,klebsiella,0.7141
26.5,calothrix1,klebsiella,0.7806
26.5,calothrix1,klebsiella,0.8436
26.5,calothrix1,klebsiella,0.7899
26.5,calothrix1/2,klebsiella,0.6686
26.5,calothrix1/2,klebsiella,0.6258
26.5,calothrix1/2,klebsiella,0.7058
26.5,calothrix1/2,klebsiella,0.6784
26.5,calothrix1/2,klebsiella,0.8111
26.5,calothrix1/2,klebsiella,0.9027
26.5,calothrix1/2,klebsiella,0.9503
26.5,calothrix1/4,klebsiella,0.6796
26.5,calothrix1/4,klebsiella,0.6968
26.5,calothrix1/4,klebsiella,0.6918
26.5,calothrix1/4,klebsiella,0.678
26.5,calothrix1/4,klebsiella,0.8274
26.5,calothrix1/4,klebsiella,0.7606
26.5,calothrix1/4,klebsiella,0.7213
26.5,calothrix1/8,klebsiella,0.6522
26.5,calothrix1/8,klebsiella,0.6676
26.5,calothrix1/8,klebsiella,0.6872
26.5,calothrix1/8,klebsiella,0.7161
26.5,calothrix1/8,klebsiella,0.7441
26.5,calothrix1/8,klebsiella,0.8373
26.5,calothrix1/8,klebsiella,0.7823
26.5,calothrix1/16,klebsiella,0.8138
26.5,calothrix1/16,klebsiella,0.8111
26.5,calothrix1/16,klebsiella,0.7231
26.5,calothrix1/16,klebsiella,0.8482
26.5,calothrix1/16,klebsiella,0.8192
26.5,calothrix1/16,klebsiella,0.6048
26.5,calothrix1/16,klebsiella,0.7033
26.5,antibiotico,klebsiella,0.7278
26.5,antibiotico,klebsiella,0.7274
26.5,antibiotico,klebsiella,0.7471
26.5,antibiotico,klebsiella,0.7844
26.5,antibiotico,klebsiella,0.8672
26.5,antibiotico,klebsiella,0.904
26.5,antibiotico,klebsiella,0.9622
28.5,crecimiento,klebsiella,1.1289
28.5,crecimiento,klebsiella,1.1486
28.5,crecimiento,klebsiella,1.11
28.5,crecimiento,klebsiella,1.0545
28.5,crecimiento,klebsiella,1.141
28.5,crecimiento,klebsiella,1.0682
28.5,crecimiento,klebsiella,1.022
28.5,calothrix1,klebsiella,0.7558
28.5,calothrix1,klebsiella,0.7973
28.5,calothrix1,klebsiella,0.7037
28.5,calothrix1,klebsiella,0.6961
28.5,calothrix1,klebsiella,0.7245
28.5,calothrix1,klebsiella,0.8533
28.5,calothrix1,klebsiella,0.9123
28.5,calothrix1/2,klebsiella,0.7105
28.5,calothrix1/2,klebsiella,0.6019
28.5,calothrix1/2,klebsiella,0.7226
28.5,calothrix1/2,klebsiella,0.6646
28.5,calothrix1/2,klebsiella,0.8213
28.5,calothrix1/2,klebsiella,0.9536
28.5,calothrix1/2,klebsiella,0.9649
28.5,calothrix1/4,klebsiella,0.7095
28.5,calothrix1/4,klebsiella,0.6876
28.5,calothrix1/4,klebsiella,0.7093
28.5,calothrix1/4,klebsiella,0.6558
28.5,calothrix1/4,klebsiella,0.7744
28.5,calothrix1/4,klebsiella,0.8585
28.5,calothrix1/4,klebsiella,0.752
28.5,calothrix1/8,klebsiella,0.6796
28.5,calothrix1/8,klebsiella,0.6818
28.5,calothrix1/8,klebsiella,0.7166
28.5,calothrix1/8,klebsiella,0.7715
28.5,calothrix1/8,klebsiella,0.784
28.5,calothrix1/8,klebsiella,0.8612
28.5,calothrix1/8,klebsiella,0.7675
28.5,calothrix1/16,klebsiella,0.844
28.5,calothrix1/16,klebsiella,0.8515
28.5,calothrix1/16,klebsiella,0.7564
28.5,calothrix1/16,klebsiella,0.8687
28.5,calothrix1/16,klebsiella,0.8952
28.5,calothrix1/16,klebsiella,0.631
28.5,calothrix1/16,klebsiella,0.7195
28.5,antibiotico,klebsiella,0.7529
28.5,antibiotico,klebsiella,0.7245
28.5,antibiotico,klebsiella,0.7912
28.5,antibiotico,klebsiella,0.842
28.5,antibiotico,klebsiella,0.8751
28.5,antibiotico,klebsiella,1.008
28.5,antibiotico,klebsiella,0.9322
30.5,crecimiento,klebsiella,1.1506
30.5,crecimiento,klebsiella,1.2148
30.5,crecimiento,klebsiella,1.1048
30.5,crecimiento,klebsiella,1.1295
30.5,crecimiento,klebsiella,1.1645
30.5,crecimiento,klebsiella,1.0596
30.5,crecimiento,klebsiella,1.0596
30.5,calothrix1,klebsiella,0.7879
30.5,calothrix1,klebsiella,0.8004
30.5,calothrix1,klebsiella,0.7784
30.5,calothrix1,klebsiella,0.8819
30.5,calothrix1,klebsiella,0.7692
30.5,calothrix1,klebsiella,0.8615
30.5,calothrix1,klebsiella,0.9086
30.5,calothrix1/2,klebsiella,0.7463
30.5,calothrix1/2,klebsiella,0.6674
30.5,calothrix1/2,klebsiella,0.7823
30.5,calothrix1/2,klebsiella,0.737
30.5,calothrix1/2,klebsiella,0.9069
30.5,calothrix1/2,klebsiella,1.0014
30.5,calothrix1/2,klebsiella,0.9506
30.5,calothrix1/4,klebsiella,0.7468
30.5,calothrix1/4,klebsiella,0.727
30.5,calothrix1/4,klebsiella,0.7566
30.5,calothrix1/4,klebsiella,0.7106
30.5,calothrix1/4,klebsiella,0.8393
30.5,calothrix1/4,klebsiella,0.9444
30.5,calothrix1/4,klebsiella,0.769
30.5,calothrix1/8,klebsiella,0.7107
30.5,calothrix1/8,klebsiella,0.8046
30.5,calothrix1/8,klebsiella,0.7688
30.5,calothrix1/8,klebsiella,0.7757
30.5,calothrix1/8,klebsiella,0.8148
30.5,calothrix1/8,klebsiella,0.9116
30.5,calothrix1/8,klebsiella,0.8342
30.5,calothrix1/16,klebsiella,0.8935
30.5,calothrix1/16,klebsiella,0.8897
30.5,calothrix1/16,klebsiella,0.8825
30.5,calothrix1/16,klebsiella,1.0073
30.5,calothrix1/16,klebsiella,0.8872
30.5,calothrix1/16,klebsiella,0.6652
30.5,calothrix1/16,klebsiella,0.7582
30.5,antibiotico,klebsiella,0.829
30.5,antibiotico,klebsiella,0.7444
30.5,antibiotico,klebsiella,0.7813
30.5,antibiotico,klebsiella,0.8403
30.5,antibiotico,klebsiella,0.9151
30.5,antibiotico,klebsiella,1.0134
30.5,antibiotico,klebsiella,1.013
0,crecimiento,salmonella,0.0314
0,crecimiento,salmonella,0.0297
0,crecimiento,salmonella,0.0315
0,crecimiento,salmonella,0.0289
0,crecimiento,salmonella,0.0311
0,crecimiento,salmonella,0.029
0,crecimiento,salmonella,0.0277
0,calothrix1,salmonella,0.0283
0,calothrix1,salmonella,0.0299
0,calothrix1,salmonella,0.0296
0,calothrix1,salmonella,0.0346
0,calothrix1,salmonella,0.0337
0,calothrix1,salmonella,0.0303
0,calothrix1,salmonella,0.0327
0,calothrix1/2,salmonella,0.0315
0,calothrix1/2,salmonella,0.0322
0,calothrix1/2,salmonella,0.0318
0,calothrix1/2,salmonella,0.0312
0,calothrix1/2,salmonella,0.0329
0,calothrix1/2,salmonella,0.0313
0,calothrix1/2,salmonella,0.032
0,calothrix1/4,salmonella,0.0295
0,calothrix1/4,salmonella,0.0285
0,calothrix1/4,salmonella,0.0306
0,calothrix1/4,salmonella,0.0297
0,calothrix1/4,salmonella,0.0301
0,calothrix1/4,salmonella,0.0298
0,calothrix1/4,salmonella,0.0293
0,calothrix1/8,salmonella,0.033
0,calothrix1/8,salmonella,0.033
0,calothrix1/8,salmonella,0.0303
0,calothrix1/8,salmonella,0.0353
0,calothrix1/8,salmonella,0.0347
0,calothrix1/8,salmonella,0.0346
0,calothrix1/8,salmonella,0.0321
0,calothrix1/16,salmonella,0.0346
0,calothrix1/16,salmonella,0.0362
0,calothrix1/16,salmonella,0.0359
0,calothrix1/16,salmonella,0.0365
0,calothrix1/16,salmonella,0.0374
0,calothrix1/16,salmonella,0.0339
0,calothrix1/16,salmonella,0.0339
0,antibiotico,salmonella,0.0342
0,antibiotico,salmonella,0.0317
0,antibiotico,salmonella,0.0303
0,antibiotico,salmonella,0.0279
0,antibiotico,salmonella,0.028
0,antibiotico,salmonella,0.0282
0,antibiotico,salmonella,0.0301
1.5,crecimiento,salmonella,0.1343
1.5,crecimiento,salmonella,0.1139
1.5,crecimiento,salmonella,0.1098
1.5,crecimiento,salmonella,0.1103
1.5,crecimiento,salmonella,0.1
1.5,crecimiento,salmonella,0.1069
1.5,crecimiento,salmonella,0.1081
1.5,calothrix1,salmonella,0.0994
1.5,calothrix1,salmonella,0.1043
1.5,calothrix1,salmonella,0.1137
1.5,calothrix1,salmonella,0.1407
1.5,calothrix1,salmonella,0.1265
1.5,calothrix1,salmonella,0.0939
1.5,calothrix1,salmonella,0.103
1.5,calothrix1/2,salmonella,0.1091
1.5,calothrix1/2,salmonella,0.1331
1.5,calothrix1/2,salmonella,0.1134
1.5,calothrix1/2,salmonella,0.1169
1.5,calothrix1/2,salmonella,0.0862
1.5,calothrix1/2,salmonella,0.1091
1.5,calothrix1/2,salmonella,0.1272
1.5,calothrix1/4,salmonella,0.1114
1.5,calothrix1/4,salmonella,0.1177
1.5,calothrix1/4,salmonella,0.1274
1.5,calothrix1/4,salmonella,0.123
1.5,calothrix1/4,salmonella,0.0971
1.5,calothrix1/4,salmonella,0.1145
1.5,calothrix1/4,salmonella,0.0971
1.5,calothrix1/8,salmonella,0.1078
1.5,calothrix1/8,salmonella,0.0954
1.5,calothrix1/8,salmonella,0.0805
1.5,calothrix1/8,salmonella,0.1206
1.5,calothrix1/8,salmonella,0.1106
1.5,calothrix1/8,salmonella,0.1321
1.5,calothrix1/8,salmonella,0.1259
1.5,calothrix1/16,salmonella,0.1111
1.5,calothrix1/16,salmonella,0.1325
1.5,calothrix1/16,salmonella,0.1178
1.5,calothrix1/16,salmonella,0.1235
1.5,calothrix1/16,salmonella,0.1265
1.5,calothrix1/16,salmonella,0.1226
1.5,calothrix1/16,salmonella,0.1139
1.5,antibiotico,salmonella,0.1182
1.5,antibiotico,salmonella,0.1022
1.5,antibiotico,salmonella,0.113
1.5,antibiotico,salmonella,0.1025
1.5,antibiotico,salmonella,0.1126
1.5,antibiotico,salmonella,0.1121
1.5,antibiotico,salmonella,0.109
3.5,crecimiento,salmonella,0.409
3.5,crecimiento,salmonella,0.4106
3.5,crecimiento,salmonella,0.4362
3.5,crecimiento,salmonella,0.4458
3.5,crecimiento,salmonella,0.4038
3.5,crecimiento,salmonella,0.4349
3.5,crecimiento,salmonella,0.4078
3.5,calothrix1,salmonella,0.3057
3.5,calothrix1,salmonella,0.3122
3.5,calothrix1,salmonella,0.2835
3.5,calothrix1,salmonella,0.2933
3.5,calothrix1,salmonella,0.3173
3.5,calothrix1,salmonella,0.3089
3.5,calothrix1,salmonella,0.2941
3.5,calothrix1/2,salmonella,0.2911
3.5,calothrix1/2,salmonella,0.3003
3.5,calothrix1/2,salmonella,0.299
3.5,calothrix1/2,salmonella,0.2732
3.5,calothrix1/2,salmonella,0.3044
3.5,calothrix1/2,salmonella,0.2997
3.5,calothrix1/2,salmonella,0.2951
3.5,calothrix1/4,salmonella,0.3192
3.5,calothrix1/4,salmonella,0.2963
3.5,calothrix1/4,salmonella,0.2873
3.5,calothrix1/4,salmonella,0.2874
3.5,calothrix1/4,salmonella,0.3141
3.5,calothrix1/4,salmonella,0.3083
3.5,calothrix1/4,salmonella,0.2937
3.5,calothrix1/8,salmonella,0.343
3.5,calothrix1/8,salmonella,0.2741
3.5,calothrix1/8,salmonella,0.4964
3.5,calothrix1/8,salmonella,0.324
3.5,calothrix1/8,salmonella,0.3096
3.5,calothrix1/8,salmonella,0.3145
3.5,calothrix1/8,salmonella,0.3088
3.5,calothrix1/16,salmonella,0.3704
3.5,calothrix1/16,salmonella,0.3737
3.5,calothrix1/16,salmonella,0.3154
3.5,calothrix1/16,salmonella,0.3208
3.5,calothrix1/16,salmonella,0.313
3.5,calothrix1/16,salmonella,0.3238
3.5,calothrix1/16,salmonella,0.3074
3.5,antibiotico,salmonella,0.2808
3.5,antibiotico,salmonella,0.3154
3.5,antibiotico,salmonella,0.3114
3.5,antibiotico,salmonella,0.3019
3.5,antibiotico,salmonella,0.3158
3.5,antibiotico,salmonella,0.3169
3.5,antibiotico,salmonella,0.3114
6.5,crecimiento,salmonella,0.4761
6.5,crecimiento,salmonella,0.4892
6.5,crecimiento,salmonella,0.5215
6.5,crecimiento,salmonella,0.5311
6.5,crecimiento,salmonella,0.5135
6.5,crecimiento,salmonella,0.5867
6.5,crecimiento,salmonella,0.5031
6.5,calothrix1,salmonella,0.4235
6.5,calothrix1,salmonella,0.4305
6.5,calothrix1,salmonella,0.4201
6.5,calothrix1,salmonella,0.4308
6.5,calothrix1,salmonella,0.4485
6.5,calothrix1,salmonella,0.4513
6.5,calothrix1,salmonella,0.4304
6.5,calothrix1/2,salmonella,0.4025
6.5,calothrix1/2,salmonella,0.423
6.5,calothrix1/2,salmonella,0.4329
6.5,calothrix1/2,salmonella,0.4001
6.5,calothrix1/2,salmonella,0.4655
6.5,calothrix1/2,salmonella,0.448
6.5,calothrix1/2,salmonella,0.4674
6.5,calothrix1/4,salmonella,0.4243
6.5,calothrix1/4,salmonella,0.4409
6.5,calothrix1/4,salmonella,0.413
6.5,calothrix1/4,salmonella,0.411
6.5,calothrix1/4,salmonella,0.4679
6.5,calothrix1/4,salmonella,0.4516
6.5,calothrix1/4,salmonella,0.4588
6.5,calothrix1/8,salmonella,0.4371
6.5,calothrix1/8,salmonella,0.4622
6.5,calothrix1/8,salmonella,0.8479
6.5,calothrix1/8,salmonella,0.4606
6.5,calothrix1/8,salmonella,0.4494
6.5,calothrix1/8,salmonella,0.4552
6.5,calothrix1/8,salmonella,0.4463
6.5,calothrix1/16,salmonella,0.4723
6.5,calothrix1/16,salmonella,0.49
6.5,calothrix1/16,salmonella,0.4422
6.5,calothrix1/16,salmonella,0.4483
6.5,calothrix1/16,salmonella,0.4297
6.5,calothrix1/16,salmonella,0.4403
6.5,calothrix1/16,salmonella,0.4287
6.5,antibiotico,salmonella,0.4003
6.5,antibiotico,salmonella,0.4061
6.5,antibiotico,salmonella,0.4459
6.5,antibiotico,salmonella,0.4333
6.5,antibiotico,salmonella,0.4404
6.5,antibiotico,salmonella,0.4322
6.5,antibiotico,salmonella,0.4112
18,crecimiento,salmonella,0.8402
18,crecimiento,salmonella,0.7865
18,crecimiento,salmonella,0.7897
18,crecimiento,salmonella,0.7907
18,crecimiento,salmonella,0.7942
18,crecimiento,salmonella,0.8059
18,crecimiento,salmonella,0.7954
18,calothrix1,salmonella,0.6038
18,calothrix1,salmonella,0.6163
18,calothrix1,salmonella,0.6175
18,calothrix1,salmonella,0.6352
18,calothrix1,salmonella,0.6414
18,calothrix1,salmonella,0.6504
18,calothrix1,salmonella,0.636
18,calothrix1/2,salmonella,0.5941
18,calothrix1/2,salmonella,0.5858
18,calothrix1/2,salmonella,0.5844
18,calothrix1/2,salmonella,0.5793
18,calothrix1/2,salmonella,0.6131
18,calothrix1/2,salmonella,0.6126
18,calothrix1/2,salmonella,0.6206
18,calothrix1/4,salmonella,0.5929
18,calothrix1/4,salmonella,0.5837
18,calothrix1/4,salmonella,0.5819
18,calothrix1/4,salmonella,0.5754
18,calothrix1/4,salmonella,0.6122
18,calothrix1/4,salmonella,0.6119
18,calothrix1/4,salmonella,0.6033
18,calothrix1/8,salmonella,0.6279
18,calothrix1/8,salmonella,0.4733
18,calothrix1/8,salmonella,0.8699
18,calothrix1/8,salmonella,0.6365
18,calothrix1/8,salmonella,0.6186
18,calothrix1/8,salmonella,0.6601
18,calothrix1/8,salmonella,0.6307
18,calothrix1/16,salmonella,0.6217
18,calothrix1/16,salmonella,0.6344
18,calothrix1/16,salmonella,0.5842
18,calothrix1/16,salmonella,0.6049
18,calothrix1/16,salmonella,0.5896
18,calothrix1/16,salmonella,0.6001
18,calothrix1/16,salmonella,0.5975
18,antibiotico,salmonella,0.645
18,antibiotico,salmonella,0.595
18,antibiotico,salmonella,0.5913
18,antibiotico,salmonella,0.5845
18,antibiotico,salmonella,0.6469
18,antibiotico,salmonella,0.5855
18,antibiotico,salmonella,0.637
20,crecimiento,salmonella,0.7714
20,crecimiento,salmonella,0.7687
20,crecimiento,salmonella,0.8028
20,crecimiento,salmonella,0.8145
20,crecimiento,salmonella,0.8009
20,crecimiento,salmonella,0.8299
20,crecimiento,salmonella,0.8207
20,calothrix1,salmonella,0.5657
20,calothrix1,salmonella,0.5575
20,calothrix1,salmonella,0.5776
20,calothrix1,salmonella,0.6156
20,calothrix1,salmonella,0.6098
20,calothrix1,salmonella,0.624
20,calothrix1,salmonella,0.6055
20,calothrix1/2,salmonella,0.5408
20,calothrix1/2,salmonella,0.5221
20,calothrix1/2,salmonella,0.5361
20,calothrix1/2,salmonella,0.5542
20,calothrix1/2,salmonella,0.6034
20,calothrix1/2,salmonella,0.5907
20,calothrix1/2,salmonella,0.6029
20,calothrix1/4,salmonella,0.5409
20,calothrix1/4,salmonella,0.5399
20,calothrix1/4,salmonella,0.5589
20,calothrix1/4,salmonella,0.5625
20,calothrix1/4,salmonella,0.6044
20,calothrix1/4,salmonella,0.6238
20,calothrix1/4,salmonella,0.5753
20,calothrix1/8,salmonella,0.5836
20,calothrix1/8,salmonella,0.7803
20,calothrix1/8,salmonella,0.4091
20,calothrix1/8,salmonella,0.5934
20,calothrix1/8,salmonella,0.5576
20,calothrix1/8,salmonella,0.6213
20,calothrix1/8,salmonella,0.6378
20,calothrix1/16,salmonella,0.5458
20,calothrix1/16,salmonella,0.6214
20,calothrix1/16,salmonella,0.5525
20,calothrix1/16,salmonella,0.562
20,calothrix1/16,salmonella,0.5255
20,calothrix1/16,salmonella,0.5454
20,calothrix1/16,salmonella,0.5595
20,antibiotico,salmonella,0.5529
20,antibiotico,salmonella,0.5099
20,antibiotico,salmonella,0.516
20,antibiotico,salmonella,0.4907
20,antibiotico,salmonella,0.5735
20,antibiotico,salmonella,0.5068
20,antibiotico,salmonella,0.5236
22.5,crecimiento,salmonella,0.8242
22.5,crecimiento,salmonella,0.8263
22.5,crecimiento,salmonella,0.8504
22.5,crecimiento,salmonella,0.854
22.5,crecimiento,salmonella,0.848
22.5,crecimiento,salmonella,0.8676
22.5,crecimiento,salmonella,0.8668
22.5,calothrix1,salmonella,0.6136
22.5,calothrix1,salmonella,0.6449
22.5,calothrix1,salmonella,0.6905
22.5,calothrix1,salmonella,0.6666
22.5,calothrix1,salmonella,0.6797
22.5,calothrix1,salmonella,0.7593
22.5,calothrix1,salmonella,0.7524
22.5,calothrix1/2,salmonella,0.5953
22.5,calothrix1/2,salmonella,0.5996
22.5,calothrix1/2,salmonella,0.6316
22.5,calothrix1/2,salmonella,0.618
22.5,calothrix1/2,salmonella,0.7221
22.5,calothrix1/2,salmonella,0.7197
22.5,calothrix1/2,salmonella,0.792
22.5,calothrix1/4,salmonella,0.5799
22.5,calothrix1/4,salmonella,0.6045
22.5,calothrix1/4,salmonella,0.6331
22.5,calothrix1/4,salmonella,0.6227
22.5,calothrix1/4,salmonella,0.6718
22.5,calothrix1/4,salmonella,0.8182
22.5,calothrix1/4,salmonella,0.7103
22.5,calothrix1/8,salmonella,0.6203
22.5,calothrix1/8,salmonella,0.6882
22.5,calothrix1/8,salmonella,0.586
22.5,calothrix1/8,salmonella,0.6544
22.5,calothrix1/8,salmonella,0.6281
22.5,calothrix1/8,salmonella,0.7152
22.5,calothrix1/8,salmonella,0.6807
22.5,calothrix1/16,salmonella,0.5674
22.5,calothrix1/16,salmonella,0.6671
22.5,calothrix1/16,salmonella,0.6001
22.5,calothrix1/16,salmonella,0.6178
22.5,calothrix1/16,salmonella,0.5867
22.5,calothrix1/16,salmonella,0.6063
22.5,calothrix1/16,salmonella,0.6122
22.5,antibiotico,salmonella,0.5891
22.5,antibiotico,salmonella,0.5404
22.5,antibiotico,salmonella,0.5535
22.5,antibiotico,salmonella,0.5292
22.5,antibiotico,salmonella,0.5838
22.5,antibiotico,salmonella,0.5707
22.5,antibiotico,salmonella,0.5598
24.5,crecimiento,salmonella,0.8424
24.5,crecimiento,salmonella,0.8462
24.5,crecimiento,salmonella,0.8612
24.5,crecimiento,salmonella,0.8723
24.5,crecimiento,salmonella,0.8696
24.5,crecimiento,salmonella,0.882
24.5,crecimiento,salmonella,0.8794
24.5,calothrix1,salmonella,0.6376
24.5,calothrix1,salmonella,0.6659
24.5,calothrix1,salmonella,0.7217
24.5,calothrix1,salmonella,0.6962
24.5,calothrix1,salmonella,0.7064
24.5,calothrix1,salmonella,0.8202
24.5,calothrix1,salmonella,0.7145
24.5,calothrix1/2,salmonella,0.6384
24.5,calothrix1/2,salmonella,0.6275
24.5,calothrix1/2,salmonella,0.6227
24.5,calothrix1/2,salmonella,0.653
24.5,calothrix1/2,salmonella,0.7571
24.5,calothrix1/2,salmonella,0.7933
24.5,calothrix1/2,salmonella,0.8214
24.5,calothrix1/4,salmonella,0.613
24.5,calothrix1/4,salmonella,0.6259
24.5,calothrix1/4,salmonella,0.6435
24.5,calothrix1/4,salmonella,0.6464
24.5,calothrix1/4,salmonella,0.7114
24.5,calothrix1/4,salmonella,0.8098
24.5,calothrix1/4,salmonella,0.8758
24.5,calothrix1/8,salmonella,0.6476
24.5,calothrix1/8,salmonella,0.7107
24.5,calothrix1/8,salmonella,0.5878
24.5,calothrix1/8,salmonella,0.6836
24.5,calothrix1/8,salmonella,0.6609
24.5,calothrix1/8,salmonella,0.7357
24.5,calothrix1/8,salmonella,0.7143
24.5,calothrix1/16,salmonella,0.6067
24.5,calothrix1/16,salmonella,0.6797
24.5,calothrix1/16,salmonella,0.6386
24.5,calothrix1/16,salmonella,0.6403
24.5,calothrix1/16,salmonella,0.6181
24.5,calothrix1/16,salmonella,0.6316
24.5,calothrix1/16,salmonella,0.6393
24.5,antibiotico,salmonella,0.6009
24.5,antibiotico,salmonella,0.5575
24.5,antibiotico,salmonella,0.5702
24.5,antibiotico,salmonella,0.5504
24.5,antibiotico,salmonella,0.6092
24.5,antibiotico,salmonella,0.5964
24.5,antibiotico,salmonella,0.5869
26.5,crecimiento,salmonella,0.7326
26.5,crecimiento,salmonella,0.8182
26.5,crecimiento,salmonella,0.8639
26.5,crecimiento,salmonella,0.8689
26.5,crecimiento,salmonella,0.8646
26.5,crecimiento,salmonella,0.8795
26.5,crecimiento,salmonella,0.8927
26.5,calothrix1,salmonella,0.5559
26.5,calothrix1,salmonella,0.5813
26.5,calothrix1,salmonella,0.6227
26.5,calothrix1,salmonella,0.6645
26.5,calothrix1,salmonella,0.6495
26.5,calothrix1,salmonella,0.7918
26.5,calothrix1,salmonella,0.6762
26.5,calothrix1/2,salmonella,0.5511
26.5,calothrix1/2,salmonella,0.5342
26.5,calothrix1/2,salmonella,0.5841
26.5,calothrix1/2,salmonella,0.6123
26.5,calothrix1/2,salmonella,0.7978
26.5,calothrix1/2,salmonella,0.7923
26.5,calothrix1/2,salmonella,0.8467
26.5,calothrix1/4,salmonella,0.5165
26.5,calothrix1/4,salmonella,0.5551
26.5,calothrix1/4,salmonella,0.6438
26.5,calothrix1/4,salmonella,0.6157
26.5,calothrix1/4,salmonella,0.7387
26.5,calothrix1/4,salmonella,0.8363
26.5,calothrix1/4,salmonella,0.8212
26.5,calothrix1/8,salmonella,0.5716
26.5,calothrix1/8,salmonella,0.6714
26.5,calothrix1/8,salmonella,0.5528
26.5,calothrix1/8,salmonella,0.6343
26.5,calothrix1/8,salmonella,0.5801
26.5,calothrix1/8,salmonella,0.6746
26.5,calothrix1/8,salmonella,0.6519
26.5,calothrix1/16,salmonella,0.5339
26.5,calothrix1/16,salmonella,0.6322
26.5,calothrix1/16,salmonella,0.5754
26.5,calothrix1/16,salmonella,0.5833
26.5,calothrix1/16,salmonella,0.5365
26.5,calothrix1/16,salmonella,0.554
26.5,calothrix1/16,salmonella,0.582
26.5,antibiotico,salmonella,0.5262
26.5,antibiotico,salmonella,0.4787
26.5,antibiotico,salmonella,0.4944
26.5,antibiotico,salmonella,0.4573
26.5,antibiotico,salmonella,0.5963
26.5,antibiotico,salmonella,0.4964
26.5,antibiotico,salmonella,0.5332
28.5,crecimiento,salmonella,0.656
28.5,crecimiento,salmonella,0.8369
28.5,crecimiento,salmonella,0.8806
28.5,crecimiento,salmonella,0.8875
28.5,crecimiento,salmonella,0.8743
28.5,crecimiento,salmonella,0.9087
28.5,crecimiento,salmonella,0.9088
28.5,calothrix1,salmonella,0.526
28.5,calothrix1,salmonella,0.5756
28.5,calothrix1,salmonella,0.6011
28.5,calothrix1,salmonella,0.6474
28.5,calothrix1,salmonella,0.6433
28.5,calothrix1,salmonella,0.8189
28.5,calothrix1,salmonella,0.7834
28.5,calothrix1/2,salmonella,0.5412
28.5,calothrix1/2,salmonella,0.5009
28.5,calothrix1/2,salmonella,0.5143
28.5,calothrix1/2,salmonella,0.5905
28.5,calothrix1/2,salmonella,0.7547
28.5,calothrix1/2,salmonella,0.7006
28.5,calothrix1/2,salmonella,0.7996
28.5,calothrix1/4,salmonella,0.4846
28.5,calothrix1/4,salmonella,0.5131
28.5,calothrix1/4,salmonella,0.5669
28.5,calothrix1/4,salmonella,0.6118
28.5,calothrix1/4,salmonella,0.7389
28.5,calothrix1/4,salmonella,0.6533
28.5,calothrix1/4,salmonella,0.8114
28.5,calothrix1/8,salmonella,0.5269
28.5,calothrix1/8,salmonella,0.6182
28.5,calothrix1/8,salmonella,0.6261
28.5,calothrix1/8,salmonella,0.6213
28.5,calothrix1/8,salmonella,0.5567
28.5,calothrix1/8,salmonella,0.7131
28.5,calothrix1/8,salmonella,0.7941
28.5,calothrix1/16,salmonella,0.5245
28.5,calothrix1/16,salmonella,0.5989
28.5,calothrix1/16,salmonella,0.5183
28.5,calothrix1/16,salmonella,0.5703
28.5,calothrix1/16,salmonella,0.5211
28.5,calothrix1/16,salmonella,0.5197
28.5,calothrix1/16,salmonella,0.5673
28.5,antibiotico,salmonella,0.5161
28.5,antibiotico,salmonella,0.48
28.5,antibiotico,salmonella,0.4993
28.5,antibiotico,salmonella,0.4665
28.5,antibiotico,salmonella,0.5522
28.5,antibiotico,salmonella,0.5103
28.5,antibiotico,salmonella,0.5526
30.5,crecimiento,salmonella,0.5863
30.5,crecimiento,salmonella,0.8214
30.5,crecimiento,salmonella,0.8956
30.5,crecimiento,salmonella,0.9064
30.5,crecimiento,salmonella,0.8884
30.5,crecimiento,salmonella,0.9317
30.5,crecimiento,salmonella,0.9283
30.5,calothrix1,salmonella,0.5336
30.5,calothrix1,salmonella,0.5613
30.5,calothrix1,salmonella,0.5777
30.5,calothrix1,salmonella,0.6473
30.5,calothrix1,salmonella,0.6424
30.5,calothrix1,salmonella,0.8777
30.5,calothrix1,salmonella,0.8443
30.5,calothrix1/2,salmonella,0.5604
30.5,calothrix1/2,salmonella,0.4856
30.5,calothrix1/2,salmonella,0.5302
30.5,calothrix1/2,salmonella,0.5717
30.5,calothrix1/2,salmonella,0.8259
30.5,calothrix1/2,salmonella,0.8008
30.5,calothrix1/2,salmonella,0.8519
30.5,calothrix1/4,salmonella,0.5159
30.5,calothrix1/4,salmonella,0.4753
30.5,calothrix1/4,salmonella,0.571
30.5,calothrix1/4,salmonella,0.6013
30.5,calothrix1/4,salmonella,0.7815
30.5,calothrix1/4,salmonella,0.6372
30.5,calothrix1/4,salmonella,0.8386
30.5,calothrix1/8,salmonella,0.5152
30.5,calothrix1/8,salmonella,0.5568
30.5,calothrix1/8,salmonella,0.7247
30.5,calothrix1/8,salmonella,0.5992
30.5,calothrix1/8,salmonella,0.5292
30.5,calothrix1/8,salmonella,0.6834
30.5,calothrix1/8,salmonella,0.6358
30.5,calothrix1/16,salmonella,0.5272
30.5,calothrix1/16,salmonella,0.5485
30.5,calothrix1/16,salmonella,0.4761
30.5,calothrix1/16,salmonella,0.5491
30.5,calothrix1/16,salmonella,0.497
30.5,calothrix1/16,salmonella,0.4965
30.5,calothrix1/16,salmonella,0.5428
30.5,antibiotico,salmonella,0.5241
30.5,antibiotico,salmonella,0.4731
30.5,antibiotico,salmonella,0.4912
30.5,antibiotico,salmonella,0.4659
30.5,antibiotico,salmonella,0.5864
30.5,antibiotico,salmonella,0.4724
30.5,antibiotico,salmonella,0.5051
0,crecimiento,saureus,0.0239
0,crecimiento,saureus,0.022
0,crecimiento,saureus,0.0241
0,crecimiento,saureus,0.0222
0,crecimiento,saureus,0.0277
0,crecimiento,saureus,0.0239
0,crecimiento,saureus,0.0235
0,calothrix1,saureus,0.0275
0,calothrix1,saureus,0.025
0,calothrix1,saureus,0.0239
0,calothrix1,saureus,0.0234
0,calothrix1,saureus,0.028
0,calothrix1,saureus,0.0255
0,calothrix1,saureus,0.0252
0,calothrix1/2,saureus,0.0253
0,calothrix1/2,saureus,0.0245
0,calothrix1/2,saureus,0.0219
0,calothrix1/2,saureus,0.0218
0,calothrix1/2,saureus,0.0254
0,calothrix1/2,saureus,0.0295
0,calothrix1/2,saureus,0.0258
0,calothrix1/4,saureus,0.0242
0,calothrix1/4,saureus,0.0237
0,calothrix1/4,saureus,0.027
0,calothrix1/4,saureus,0.025
0,calothrix1/4,saureus,0.0297
0,calothrix1/4,saureus,0.0324
0,calothrix1/4,saureus,0.0297
0,calothrix1/8,saureus,0.0223
0,calothrix1/8,saureus,0.0247
0,calothrix1/8,saureus,0.0261
0,calothrix1/8,saureus,0.0308
0,calothrix1/8,saureus,0.0219
0,calothrix1/8,saureus,0.025
0,calothrix1/8,saureus,0.0311
0,calothrix1/16,saureus,0.0234
0,calothrix1/16,saureus,0.025
0,calothrix1/16,saureus,0.0262
0,calothrix1/16,saureus,0.0274
0,calothrix1/16,saureus,0.0315
0,calothrix1/16,saureus,0.0327
0,calothrix1/16,saureus,0.0329
0,antibiotico,saureus,0.0238
0,antibiotico,saureus,0.0214
0,antibiotico,saureus,0.0231
0,antibiotico,saureus,0.0239
0,antibiotico,saureus,0.0287
0,antibiotico,saureus,0.0253
0,antibiotico,saureus,0.0294
1.5,crecimiento,saureus,0
1.5,crecimiento,saureus,0.0781
1.5,crecimiento,saureus,0.0833
1.5,crecimiento,saureus,0.0815
1.5,crecimiento,saureus,0.0744
1.5,crecimiento,saureus,0.0656
1.5,crecimiento,saureus,0.0712
1.5,calothrix1,saureus,0.0834
1.5,calothrix1,saureus,0.1015
1.5,calothrix1,saureus,0.0993
1.5,calothrix1,saureus,0.0855
1.5,calothrix1,saureus,0.0733
1.5,calothrix1,saureus,0.0782
1.5,calothrix1,saureus,0.0767
1.5,calothrix1/2,saureus,0.0906
1.5,calothrix1/2,saureus,0.0966
1.5,calothrix1/2,saureus,0.085
1.5,calothrix1/2,saureus,0.0817
1.5,calothrix1/2,saureus,0.0676
1.5,calothrix1/2,saureus,0.0773
1.5,calothrix1/2,saureus,0.0657
1.5,calothrix1/4,saureus,0.0783
1.5,calothrix1/4,saureus,0.0935
1.5,calothrix1/4,saureus,0.0961
1.5,calothrix1/4,saureus,0.0709
1.5,calothrix1/4,saureus,0.0763
1.5,calothrix1/4,saureus,0.0663
1.5,calothrix1/4,saureus,0.0681
1.5,calothrix1/8,saureus,0.0874
1.5,calothrix1/8,saureus,0.0954
1.5,calothrix1/8,saureus,0.0865
1.5,calothrix1/8,saureus,0.068
1.5,calothrix1/8,saureus,0.0688
1.5,calothrix1/8,saureus,0.0663
1.5,calothrix1/8,saureus,0.0674
1.5,calothrix1/16,saureus,0.0818
1.5,calothrix1/16,saureus,0.0894
1.5,calothrix1/16,saureus,0.0925
1.5,calothrix1/16,saureus,0.0741
1.5,calothrix1/16,saureus,0.0744
1.5,calothrix1/16,saureus,0.0627
1.5,calothrix1/16,saureus,0.0622
1.5,antibiotico,saureus,0.0864
1.5,antibiotico,saureus,0.0766
1.5,antibiotico,saureus,0.0733
1.5,antibiotico,saureus,0.0703
1.5,antibiotico,saureus,0.0713
1.5,antibiotico,saureus,0.0604
1.5,antibiotico,saureus,0.0631
3.5,crecimiento,saureus,0.2729
3.5,crecimiento,saureus,0.3092
3.5,crecimiento,saureus,0.3215
3.5,crecimiento,saureus,0.2936
3.5,crecimiento,saureus,0.2461
3.5,crecimiento,saureus,0.2365
3.5,crecimiento,saureus,0.2307
3.5,calothrix1,saureus,0.2455
3.5,calothrix1,saureus,0.2679
3.5,calothrix1,saureus,0.2605
3.5,calothrix1,saureus,0.2531
3.5,calothrix1,saureus,0.2204
3.5,calothrix1,saureus,0.2316
3.5,calothrix1,saureus,0.2134
3.5,calothrix1/2,saureus,0.2592
3.5,calothrix1/2,saureus,0.2771
3.5,calothrix1/2,saureus,0.2405
3.5,calothrix1/2,saureus,0.2401
3.5,calothrix1/2,saureus,0.2142
3.5,calothrix1/2,saureus,0.2213
3.5,calothrix1/2,saureus,0.1964
3.5,calothrix1/4,saureus,0.2345
3.5,calothrix1/4,saureus,0.2318
3.5,calothrix1/4,saureus,0.2628
3.5,calothrix1/4,saureus,0.2263
3.5,calothrix1/4,saureus,0.2231
3.5,calothrix1/4,saureus,0.1654
3.5,calothrix1/4,saureus,0.1757
3.5,calothrix1/8,saureus,0.2521
3.5,calothrix1/8,saureus,0.2394
3.5,calothrix1/8,saureus,0.2665
3.5,calothrix1/8,saureus,0.1796
3.5,calothrix1/8,saureus,0.1957
3.5,calothrix1/8,saureus,0.1871
3.5,calothrix1/8,saureus,0.1683
3.5,calothrix1/16,saureus,0.2484
3.5,calothrix1/16,saureus,0.2413
3.5,calothrix1/16,saureus,0.2549
3.5,calothrix1/16,saureus,0.219
3.5,calothrix1/16,saureus,0.1982
3.5,calothrix1/16,saureus,0.1668
3.5,calothrix1/16,saureus,0.1674
3.5,antibiotico,saureus,0.2609
3.5,antibiotico,saureus,0.2429
3.5,antibiotico,saureus,0.2359
3.5,antibiotico,saureus,0.1996
3.5,antibiotico,saureus,0.1571
3.5,antibiotico,saureus,0.1378
3.5,antibiotico,saureus,0.1256
6.5,crecimiento,saureus,0.4769
6.5,crecimiento,saureus,0.49
6.5,crecimiento,saureus,0.5223
6.5,crecimiento,saureus,0.5319
6.5,crecimiento,saureus,0.5143
6.5,crecimiento,saureus,0.5875
6.5,crecimiento,saureus,0.5039
6.5,calothrix1,saureus,0.4261
6.5,calothrix1,saureus,0.4331
6.5,calothrix1,saureus,0.4227
6.5,calothrix1,saureus,0.4334
6.5,calothrix1,saureus,0.4511
6.5,calothrix1,saureus,0.4539
6.5,calothrix1,saureus,0.433
6.5,calothrix1/2,saureus,0.4039
6.5,calothrix1/2,saureus,0.4244
6.5,calothrix1/2,saureus,0.4343
6.5,calothrix1/2,saureus,0.4015
6.5,calothrix1/2,saureus,0.4669
6.5,calothrix1/2,saureus,0.4494
6.5,calothrix1/2,saureus,0.4688
6.5,calothrix1/4,saureus,0.4288
6.5,calothrix1/4,saureus,0.4454
6.5,calothrix1/4,saureus,0.4175
6.5,calothrix1/4,saureus,0.4155
6.5,calothrix1/4,saureus,0.4724
6.5,calothrix1/4,saureus,0.4561
6.5,calothrix1/4,saureus,0.4633
6.5,calothrix1/8,saureus,0.4371
6.5,calothrix1/8,saureus,0.4622
6.5,calothrix1/8,saureus,0.8479
6.5,calothrix1/8,saureus,0.4606
6.5,calothrix1/8,saureus,0.4494
6.5,calothrix1/8,saureus,0.4552
6.5,calothrix1/8,saureus,0.4463
6.5,calothrix1/16,saureus,0.4723
6.5,calothrix1/16,saureus,0.49
6.5,calothrix1/16,saureus,0.4422
6.5,calothrix1/16,saureus,0.4483
6.5,calothrix1/16,saureus,0.4297
6.5,calothrix1/16,saureus,0.4403
6.5,calothrix1/16,saureus,0.4287
6.5,antibiotico,saureus,0.4011
6.5,antibiotico,saureus,0.4069
6.5,antibiotico,saureus,0.4467
6.5,antibiotico,saureus,0.4341
6.5,antibiotico,saureus,0.4412
6.5,antibiotico,saureus,0.433
6.5,antibiotico,saureus,0.412
18,crecimiento,saureus,1.0566
18,crecimiento,saureus,0.8667
18,crecimiento,saureus,0.8975
18,crecimiento,saureus,0.8766
18,crecimiento,saureus,0.9735
18,crecimiento,saureus,0.8808
18,crecimiento,saureus,0.9012
18,calothrix1,saureus,0.706
18,calothrix1,saureus,0.7
18,calothrix1,saureus,0.6892
18,calothrix1,saureus,0.6986
18,calothrix1,saureus,0.6694
18,calothrix1,saureus,0.7437
18,calothrix1,saureus,0.6919
18,calothrix1/2,saureus,0.6925
18,calothrix1/2,saureus,0.6658
18,calothrix1/2,saureus,0.655
18,calothrix1/2,saureus,0.6638
18,calothrix1/2,saureus,0.7263
18,calothrix1/2,saureus,0.734
18,calothrix1/2,saureus,0.7644
18,calothrix1/4,saureus,0.6697
18,calothrix1/4,saureus,0.6424
18,calothrix1/4,saureus,0.67
18,calothrix1/4,saureus,0.6802
18,calothrix1/4,saureus,0.728
18,calothrix1/4,saureus,0.6704
18,calothrix1/4,saureus,0.7335
18,calothrix1/8,saureus,0.6423
18,calothrix1/8,saureus,0.6725
18,calothrix1/8,saureus,0.6433
18,calothrix1/8,saureus,0.6143
18,calothrix1/8,saureus,0.7319
18,calothrix1/8,saureus,0.7791
18,calothrix1/8,saureus,0.7154
18,calothrix1/16,saureus,0.662
18,calothrix1/16,saureus,0.6636
18,calothrix1/16,saureus,0.6676
18,calothrix1/16,saureus,0.6824
18,calothrix1/16,saureus,0.7302
18,calothrix1/16,saureus,0.7853
18,calothrix1/16,saureus,0.6495
18,antibiotico,saureus,0.719
18,antibiotico,saureus,0.7021
18,antibiotico,saureus,0.7351
18,antibiotico,saureus,0.7336
18,antibiotico,saureus,0.681
18,antibiotico,saureus,0.7359
18,antibiotico,saureus,0.7571
20,crecimiento,saureus,1.0589
20,crecimiento,saureus,0.8783
20,crecimiento,saureus,0.9072
20,crecimiento,saureus,0.9115
20,crecimiento,saureus,0.9186
20,crecimiento,saureus,0.8549
20,crecimiento,saureus,0.9422
20,calothrix1,saureus,0.6655
20,calothrix1,saureus,0.6723
20,calothrix1,saureus,0.6687
20,calothrix1,saureus,0.7098
20,calothrix1,saureus,0.6956
20,calothrix1,saureus,0.8097
20,calothrix1,saureus,0.7603
20,calothrix1/2,saureus,0.6728
20,calothrix1/2,saureus,0.6455
20,calothrix1/2,saureus,0.6966
20,calothrix1/2,saureus,0.685
20,calothrix1/2,saureus,0.6984
20,calothrix1/2,saureus,0.8264
20,calothrix1/2,saureus,0.7114
20,calothrix1/4,saureus,0.6355
20,calothrix1/4,saureus,0.6262
20,calothrix1/4,saureus,0.684
20,calothrix1/4,saureus,0.7948
20,calothrix1/4,saureus,0.7757
20,calothrix1/4,saureus,0.7105
20,calothrix1/4,saureus,0.7184
20,calothrix1/8,saureus,0.6485
20,calothrix1/8,saureus,0.6792
20,calothrix1/8,saureus,0.6494
20,calothrix1/8,saureus,0.6093
20,calothrix1/8,saureus,0.7743
20,calothrix1/8,saureus,0.9044
20,calothrix1/8,saureus,0.9284
20,calothrix1/16,saureus,0.6099
20,calothrix1/16,saureus,0.6618
20,calothrix1/16,saureus,0.6766
20,calothrix1/16,saureus,0.6869
20,calothrix1/16,saureus,0.6979
20,calothrix1/16,saureus,0.8079
20,calothrix1/16,saureus,0.6536
20,antibiotico,saureus,0.6426
20,antibiotico,saureus,0.6431
20,antibiotico,saureus,0.6814
20,antibiotico,saureus,0.6934
20,antibiotico,saureus,0.6039
20,antibiotico,saureus,0.6576
20,antibiotico,saureus,0.7226
22.5,crecimiento,saureus,1.0843
22.5,crecimiento,saureus,0.9138
22.5,crecimiento,saureus,0.9453
22.5,crecimiento,saureus,0.9599
22.5,crecimiento,saureus,0.9627
22.5,crecimiento,saureus,1.0566
22.5,crecimiento,saureus,1.0818
22.5,calothrix1,saureus,0.711
22.5,calothrix1,saureus,0.7281
22.5,calothrix1,saureus,0.7118
22.5,calothrix1,saureus,0.7925
22.5,calothrix1,saureus,0.8607
22.5,calothrix1,saureus,0.8718
22.5,calothrix1,saureus,0.9927
22.5,calothrix1/2,saureus,0.693
22.5,calothrix1/2,saureus,0.6882
22.5,calothrix1/2,saureus,0.7196
22.5,calothrix1/2,saureus,0.9334
22.5,calothrix1/2,saureus,0.7461
22.5,calothrix1/2,saureus,0.8847
22.5,calothrix1/2,saureus,0.7407
22.5,calothrix1/4,saureus,0.6924
22.5,calothrix1/4,saureus,0.6903
22.5,calothrix1/4,saureus,0.7141
22.5,calothrix1/4,saureus,0.7555
22.5,calothrix1/4,saureus,1.0339
22.5,calothrix1/4,saureus,0.9987
22.5,calothrix1/4,saureus,0.7543
22.5,calothrix1/8,saureus,0.6603
22.5,calothrix1/8,saureus,0.7028
22.5,calothrix1/8,saureus,0.6833
22.5,calothrix1/8,saureus,0.7662
22.5,calothrix1/8,saureus,0.9215
22.5,calothrix1/8,saureus,1.0163
22.5,calothrix1/8,saureus,1.026
22.5,calothrix1/16,saureus,0.6492
22.5,calothrix1/16,saureus,0.7037
22.5,calothrix1/16,saureus,0.6983
22.5,calothrix1/16,saureus,0.7165
22.5,calothrix1/16,saureus,0.7112
22.5,calothrix1/16,saureus,0.9045
22.5,calothrix1/16,saureus,0.9692
22.5,antibiotico,saureus,0.7033
22.5,antibiotico,saureus,0.6705
22.5,antibiotico,saureus,0.6973
22.5,antibiotico,saureus,0.6885
22.5,antibiotico,saureus,0.7067
22.5,antibiotico,saureus,0.7425
22.5,antibiotico,saureus,0.8065
24.5,crecimiento,saureus,1.0921
24.5,crecimiento,saureus,0.9459
24.5,crecimiento,saureus,1.0759
24.5,crecimiento,saureus,1.0884
24.5,crecimiento,saureus,1.0613
24.5,crecimiento,saureus,1.0871
24.5,crecimiento,saureus,1.1608
24.5,calothrix1,saureus,0.7244
24.5,calothrix1,saureus,0.7581
24.5,calothrix1,saureus,0.793
24.5,calothrix1,saureus,0.7844
24.5,calothrix1,saureus,0.895
24.5,calothrix1,saureus,1.0706
24.5,calothrix1,saureus,0.9408
24.5,calothrix1/2,saureus,0.6955
24.5,calothrix1/2,saureus,0.7031
24.5,calothrix1/2,saureus,0.8426
24.5,calothrix1/2,saureus,0.978
24.5,calothrix1/2,saureus,0.9259
24.5,calothrix1/2,saureus,0.9363
24.5,calothrix1/2,saureus,0.7861
24.5,calothrix1/4,saureus,0.7031
24.5,calothrix1/4,saureus,0.6761
24.5,calothrix1/4,saureus,0.8668
24.5,calothrix1/4,saureus,0.8125
24.5,calothrix1/4,saureus,1.07
24.5,calothrix1/4,saureus,1.0496
24.5,calothrix1/4,saureus,0.7851
24.5,calothrix1/8,saureus,0.6803
24.5,calothrix1/8,saureus,0.7235
24.5,calothrix1/8,saureus,0.6937
24.5,calothrix1/8,saureus,0.7602
24.5,calothrix1/8,saureus,1.0461
24.5,calothrix1/8,saureus,1.0326
24.5,calothrix1/8,saureus,1.0603
24.5,calothrix1/16,saureus,0.6836
24.5,calothrix1/16,saureus,0.709
24.5,calothrix1/16,saureus,0.6987
24.5,calothrix1/16,saureus,0.7118
24.5,calothrix1/16,saureus,0.732
24.5,calothrix1/16,saureus,0.8814
24.5,calothrix1/16,saureus,0.9209
24.5,antibiotico,saureus,0.7074
24.5,antibiotico,saureus,0.6795
24.5,antibiotico,saureus,0.7104
24.5,antibiotico,saureus,0.7197
24.5,antibiotico,saureus,0.7724
24.5,antibiotico,saureus,0.7827
24.5,antibiotico,saureus,0.8004
26.5,crecimiento,saureus,0.8859
26.5,crecimiento,saureus,0.829
26.5,crecimiento,saureus,1.053
26.5,crecimiento,saureus,1.0583
26.5,crecimiento,saureus,0.9857
26.5,crecimiento,saureus,0.9612
26.5,crecimiento,saureus,1.1169
26.5,calothrix1,saureus,0.6062
26.5,calothrix1,saureus,0.6109
26.5,calothrix1,saureus,0.5845
26.5,calothrix1,saureus,0.7317
26.5,calothrix1,saureus,0.8177
26.5,calothrix1,saureus,0.8724
26.5,calothrix1,saureus,0.9733
26.5,calothrix1/2,saureus,0.6163
26.5,calothrix1/2,saureus,0.5599
26.5,calothrix1/2,saureus,0.5997
26.5,calothrix1/2,saureus,0.7938
26.5,calothrix1/2,saureus,0.8616
26.5,calothrix1/2,saureus,1.0097
26.5,calothrix1/2,saureus,0.7489
26.5,calothrix1/4,saureus,0.5871
26.5,calothrix1/4,saureus,0.5841
26.5,calothrix1/4,saureus,0.6989
26.5,calothrix1/4,saureus,0.6504
26.5,calothrix1/4,saureus,0.9917
26.5,calothrix1/4,saureus,0.9559
26.5,calothrix1/4,saureus,0.7125
26.5,calothrix1/8,saureus,0.5556
26.5,calothrix1/8,saureus,0.6116
26.5,calothrix1/8,saureus,0.5983
26.5,calothrix1/8,saureus,0.6478
26.5,calothrix1/8,saureus,0.9125
26.5,calothrix1/8,saureus,0.9823
26.5,calothrix1/8,saureus,0.9833
26.5,calothrix1/16,saureus,0.5764
26.5,calothrix1/16,saureus,0.6367
26.5,calothrix1/16,saureus,0.5971
26.5,calothrix1/16,saureus,0.702
26.5,calothrix1/16,saureus,0.8116
26.5,calothrix1/16,saureus,0.8117
26.5,calothrix1/16,saureus,0.9812
26.5,antibiotico,saureus,0.5912
26.5,antibiotico,saureus,0.5218
26.5,antibiotico,saureus,0.5547
26.5,antibiotico,saureus,0.6442
26.5,antibiotico,saureus,0.6142
26.5,antibiotico,saureus,0.8273
26.5,antibiotico,saureus,0.6977
28.5,crecimiento,saureus,0.823
28.5,crecimiento,saureus,0.7451
28.5,crecimiento,saureus,1.0281
28.5,crecimiento,saureus,1.0045
28.5,crecimiento,saureus,0.8321
28.5,crecimiento,saureus,0.9534
28.5,crecimiento,saureus,1.072
28.5,calothrix1,saureus,0.6034
28.5,calothrix1,saureus,0.617
28.5,calothrix1,saureus,0.6288
28.5,calothrix1,saureus,0.7637
28.5,calothrix1,saureus,0.7852
28.5,calothrix1,saureus,1.0153
28.5,calothrix1,saureus,0.9189
28.5,calothrix1/2,saureus,0.5999
28.5,calothrix1/2,saureus,0.523
28.5,calothrix1/2,saureus,0.6704
28.5,calothrix1/2,saureus,0.6751
28.5,calothrix1/2,saureus,0.828
28.5,calothrix1/2,saureus,0.9962
28.5,calothrix1/2,saureus,0.7512
28.5,calothrix1/4,saureus,0.5638
28.5,calothrix1/4,saureus,0.52
28.5,calothrix1/4,saureus,0.6533
28.5,calothrix1/4,saureus,0.6374
28.5,calothrix1/4,saureus,0.8558
28.5,calothrix1/4,saureus,0.7964
28.5,calothrix1/4,saureus,0.7096
28.5,calothrix1/8,saureus,0.5607
28.5,calothrix1/8,saureus,0.6568
28.5,calothrix1/8,saureus,0.5333
28.5,calothrix1/8,saureus,0.5961
28.5,calothrix1/8,saureus,0.9667
28.5,calothrix1/8,saureus,0.9588
28.5,calothrix1/8,saureus,0.9956
28.5,calothrix1/16,saureus,0.5764
28.5,calothrix1/16,saureus,0.6783
28.5,calothrix1/16,saureus,0.5914
28.5,calothrix1/16,saureus,0.6946
28.5,calothrix1/16,saureus,0.82
28.5,calothrix1/16,saureus,0.8489
28.5,calothrix1/16,saureus,0.978
28.5,antibiotico,saureus,0.579
28.5,antibiotico,saureus,0.5218
28.5,antibiotico,saureus,0.5416
28.5,antibiotico,saureus,0.6955
28.5,antibiotico,saureus,0.684
28.5,antibiotico,saureus,0.8529
28.5,antibiotico,saureus,0.8832
30.5,crecimiento,saureus,0.8204
30.5,crecimiento,saureus,0.7415
30.5,crecimiento,saureus,0.8636
30.5,crecimiento,saureus,0.8483
30.5,crecimiento,saureus,0.8141
30.5,crecimiento,saureus,0.8886
30.5,crecimiento,saureus,1.0002
30.5,calothrix1,saureus,0.6099
30.5,calothrix1,saureus,0.6273
30.5,calothrix1,saureus,0.5654
30.5,calothrix1,saureus,0.883
30.5,calothrix1,saureus,0.9152
30.5,calothrix1,saureus,1.0186
30.5,calothrix1,saureus,0.9674
30.5,calothrix1/2,saureus,0.5842
30.5,calothrix1/2,saureus,0.5245
30.5,calothrix1/2,saureus,0.7181
30.5,calothrix1/2,saureus,0.6432
30.5,calothrix1/2,saureus,0.8263
30.5,calothrix1/2,saureus,0.9162
30.5,calothrix1/2,saureus,0.6842
30.5,calothrix1/4,saureus,0.5849
30.5,calothrix1/4,saureus,0.5153
30.5,calothrix1/4,saureus,0.6676
30.5,calothrix1/4,saureus,0.6143
30.5,calothrix1/4,saureus,0.7971
30.5,calothrix1/4,saureus,0.7572
30.5,calothrix1/4,saureus,0.6549
30.5,calothrix1/8,saureus,0.5776
30.5,calothrix1/8,saureus,0.5761
30.5,calothrix1/8,saureus,0.5494
30.5,calothrix1/8,saureus,0.6788
30.5,calothrix1/8,saureus,0.9617
30.5,calothrix1/8,saureus,0.9217
30.5,calothrix1/8,saureus,0.9522
30.5,calothrix1/16,saureus,0.6014
30.5,calothrix1/16,saureus,0.6527
30.5,calothrix1/16,saureus,0.5466
30.5,calothrix1/16,saureus,0.591
30.5,calothrix1/16,saureus,0.7632
30.5,calothrix1/16,saureus,0.83
30.5,calothrix1/16,saureus,0.9623
30.5,antibiotico,saureus,0.5881
30.5,antibiotico,saureus,0.5098
30.5,antibiotico,saureus,0.5304
30.5,antibiotico,saureus,0.6202
30.5,antibiotico,saureus,0.6946
30.5,antibiotico,saureus,0.8519
30.5,antibiotico,saureus,0.8518